2026-06-18 12:27:06.680 [main] INFO  org.texttechnologylab.uce.web.App - Starting the UCE web service...
2026-06-18 12:27:06.687 [main] INFO  org.texttechnologylab.uce.web.App - Passed in command line args: -cf ../uce.common/src/main/resources/defaultUceConfig.json
2026-06-18 12:27:06.687 [main] INFO  org.texttechnologylab.uce.web.App - Parsing the UCE config...
2026-06-18 12:27:06.774 [main] INFO  org.texttechnologylab.uce.web.App - Read UCE Config from path: ../uce.common/src/main/resources/defaultUceConfig.json
2026-06-18 12:27:06.775 [main] INFO  org.texttechnologylab.uce.web.App - UCE Config read and instantiated.
2026-06-18 12:27:06.796 [main] INFO  org.texttechnologylab.uce.web.App - Loaded the common config.
2026-06-18 12:27:06.799 [main] INFO  org.texttechnologylab.uce.web.App - Language resources templates override path: /home/stud_homes/s0424382/projects/ttlab/uce/biofid-nova-preprocessing/UCE/uce.portal/resources/templates
2026-06-18 12:27:06.799 [main] INFO  org.texttechnologylab.uce.web.App - Adjusting UCE to the UceConfig...
2026-06-18 12:27:06.803 [main] ERROR org.texttechnologylab.uce.web.App - Couldn't implement the UceConfig. Application continues running.
java.nio.file.NoSuchFileException: /home/stud_homes/s0424382/projects/ttlab/uce/biofid-nova-preprocessing/UCE/uce.portal/resources/templatescss/site.css
	at java.base/sun.nio.fs.UnixException.translateToIOException(UnixException.java:92) ~[?:?]
	at java.base/sun.nio.fs.UnixException.rethrowAsIOException(UnixException.java:106) ~[?:?]
	at java.base/sun.nio.fs.UnixException.rethrowAsIOException(UnixException.java:111) ~[?:?]
	at java.base/sun.nio.fs.UnixFileSystemProvider.newByteChannel(UnixFileSystemProvider.java:261) ~[?:?]
	at java.base/java.nio.file.Files.newByteChannel(Files.java:380) ~[?:?]
	at java.base/java.nio.file.Files.newByteChannel(Files.java:432) ~[?:?]
	at java.base/java.nio.file.spi.FileSystemProvider.newInputStream(FileSystemProvider.java:420) ~[?:?]
	at java.base/java.nio.file.Files.newInputStream(Files.java:160) ~[?:?]
	at java.base/java.nio.file.Files.newBufferedReader(Files.java:2910) ~[?:?]
	at java.base/java.nio.file.Files.readAllLines(Files.java:3405) ~[?:?]
	at java.base/java.nio.file.Files.readAllLines(Files.java:3446) ~[?:?]
	at org.texttechnologylab.uce.web.App.implementUceConfigurations(App.java:278) ~[webportal-jar-with-dependencies.jar:1.0-SNAPSHOT]
	at org.texttechnologylab.uce.web.App.lambda$main$0(App.java:121) ~[webportal-jar-with-dependencies.jar:1.0-SNAPSHOT]
	at org.texttechnologylab.uce.common.exceptions.ExceptionUtils.tryCatchLog(ExceptionUtils.java:30) [webportal-jar-with-dependencies.jar:1.0-SNAPSHOT]
	at org.texttechnologylab.uce.web.App.main(App.java:120) [webportal-jar-with-dependencies.jar:1.0-SNAPSHOT]
2026-06-18 12:27:07.457 [main] WARN  org.springframework.context.annotation.AnnotationConfigApplicationContext - Exception encountered during context initialization - cancelling refresh attempt: org.springframework.beans.factory.UnsatisfiedDependencyException: Error creating bean with name 'documentAccessManager' defined in org.texttechnologylab.uce.common.config.DocumentAccessConfig: Unsatisfied dependency expressed through method 'documentAccessManager' parameter 0: Error creating bean with name 'databaseService' defined in org.texttechnologylab.uce.common.config.SpringConfig: Failed to instantiate [org.texttechnologylab.uce.common.services.DataInterface]: Factory method 'databaseService' threw exception with message: DUA backend is not part of the Postgres UCE web search/RAG runtime.
2026-06-18 12:27:07.475 [main] FATAL org.texttechnologylab.uce.web.App - ========== [ABORT] ==========
The Application context couldn't be established. This is very likely due to a missing/invalid database connection. UCE will have to shutdown.
org.springframework.beans.factory.UnsatisfiedDependencyException: Error creating bean with name 'documentAccessManager' defined in org.texttechnologylab.uce.common.config.DocumentAccessConfig: Unsatisfied dependency expressed through method 'documentAccessManager' parameter 0: Error creating bean with name 'databaseService' defined in org.texttechnologylab.uce.common.config.SpringConfig: Failed to instantiate [org.texttechnologylab.uce.common.services.DataInterface]: Factory method 'databaseService' threw exception with message: DUA backend is not part of the Postgres UCE web search/RAG runtime.
	at org.springframework.beans.factory.support.ConstructorResolver.createArgumentArray(ConstructorResolver.java:798) ~[webportal-jar-with-dependencies.jar:1.0-SNAPSHOT]
	at org.springframework.beans.factory.support.ConstructorResolver.instantiateUsingFactoryMethod(ConstructorResolver.java:542) ~[webportal-jar-with-dependencies.jar:1.0-SNAPSHOT]
	at org.springframework.beans.factory.support.AbstractAutowireCapableBeanFactory.instantiateUsingFactoryMethod(AbstractAutowireCapableBeanFactory.java:1334) ~[webportal-jar-with-dependencies.jar:1.0-SNAPSHOT]
	at org.springframework.beans.factory.support.AbstractAutowireCapableBeanFactory.createBeanInstance(AbstractAutowireCapableBeanFactory.java:1164) ~[webportal-jar-with-dependencies.jar:1.0-SNAPSHOT]
	at org.springframework.beans.factory.support.AbstractAutowireCapableBeanFactory.doCreateBean(AbstractAutowireCapableBeanFactory.java:561) ~[webportal-jar-with-dependencies.jar:1.0-SNAPSHOT]
	at org.springframework.beans.factory.support.AbstractAutowireCapableBeanFactory.createBean(AbstractAutowireCapableBeanFactory.java:521) ~[webportal-jar-with-dependencies.jar:1.0-SNAPSHOT]
	at org.springframework.beans.factory.support.AbstractBeanFactory.lambda$doGetBean$0(AbstractBeanFactory.java:325) ~[webportal-jar-with-dependencies.jar:1.0-SNAPSHOT]
	at org.springframework.beans.factory.support.DefaultSingletonBeanRegistry.getSingleton(DefaultSingletonBeanRegistry.java:234) ~[webportal-jar-with-dependencies.jar:1.0-SNAPSHOT]
	at org.springframework.beans.factory.support.AbstractBeanFactory.doGetBean(AbstractBeanFactory.java:323) ~[webportal-jar-with-dependencies.jar:1.0-SNAPSHOT]
	at org.springframework.beans.factory.support.AbstractBeanFactory.getBean(AbstractBeanFactory.java:199) ~[webportal-jar-with-dependencies.jar:1.0-SNAPSHOT]
	at org.springframework.beans.factory.support.DefaultListableBeanFactory.preInstantiateSingletons(DefaultListableBeanFactory.java:975) ~[webportal-jar-with-dependencies.jar:1.0-SNAPSHOT]
	at org.springframework.context.support.AbstractApplicationContext.finishBeanFactoryInitialization(AbstractApplicationContext.java:959) ~[webportal-jar-with-dependencies.jar:1.0-SNAPSHOT]
	at org.springframework.context.support.AbstractApplicationContext.refresh(AbstractApplicationContext.java:624) ~[webportal-jar-with-dependencies.jar:1.0-SNAPSHOT]
	at org.springframework.context.annotation.AnnotationConfigApplicationContext.<init>(AnnotationConfigApplicationContext.java:93) ~[webportal-jar-with-dependencies.jar:1.0-SNAPSHOT]
	at org.texttechnologylab.uce.web.App.lambda$main$2(App.java:126) ~[webportal-jar-with-dependencies.jar:1.0-SNAPSHOT]
	at org.texttechnologylab.uce.common.exceptions.ExceptionUtils.tryCatchLog(ExceptionUtils.java:18) [webportal-jar-with-dependencies.jar:1.0-SNAPSHOT]
	at org.texttechnologylab.uce.web.App.main(App.java:125) [webportal-jar-with-dependencies.jar:1.0-SNAPSHOT]
Caused by: org.springframework.beans.factory.BeanCreationException: Error creating bean with name 'databaseService' defined in org.texttechnologylab.uce.common.config.SpringConfig: Failed to instantiate [org.texttechnologylab.uce.common.services.DataInterface]: Factory method 'databaseService' threw exception with message: DUA backend is not part of the Postgres UCE web search/RAG runtime.
	at org.springframework.beans.factory.support.ConstructorResolver.instantiate(ConstructorResolver.java:651) ~[webportal-jar-with-dependencies.jar:1.0-SNAPSHOT]
	at org.springframework.beans.factory.support.ConstructorResolver.instantiateUsingFactoryMethod(ConstructorResolver.java:485) ~[webportal-jar-with-dependencies.jar:1.0-SNAPSHOT]
	at org.springframework.beans.factory.support.AbstractAutowireCapableBeanFactory.instantiateUsingFactoryMethod(AbstractAutowireCapableBeanFactory.java:1334) ~[webportal-jar-with-dependencies.jar:1.0-SNAPSHOT]
	at org.springframework.beans.factory.support.AbstractAutowireCapableBeanFactory.createBeanInstance(AbstractAutowireCapableBeanFactory.java:1164) ~[webportal-jar-with-dependencies.jar:1.0-SNAPSHOT]
	at org.springframework.beans.factory.support.AbstractAutowireCapableBeanFactory.doCreateBean(AbstractAutowireCapableBeanFactory.java:561) ~[webportal-jar-with-dependencies.jar:1.0-SNAPSHOT]
	at org.springframework.beans.factory.support.AbstractAutowireCapableBeanFactory.createBean(AbstractAutowireCapableBeanFactory.java:521) ~[webportal-jar-with-dependencies.jar:1.0-SNAPSHOT]
	at org.springframework.beans.factory.support.AbstractBeanFactory.lambda$doGetBean$0(AbstractBeanFactory.java:325) ~[webportal-jar-with-dependencies.jar:1.0-SNAPSHOT]
	at org.springframework.beans.factory.support.DefaultSingletonBeanRegistry.getSingleton(DefaultSingletonBeanRegistry.java:234) ~[webportal-jar-with-dependencies.jar:1.0-SNAPSHOT]
	at org.springframework.beans.factory.support.AbstractBeanFactory.doGetBean(AbstractBeanFactory.java:323) ~[webportal-jar-with-dependencies.jar:1.0-SNAPSHOT]
	at org.springframework.beans.factory.support.AbstractBeanFactory.getBean(AbstractBeanFactory.java:199) ~[webportal-jar-with-dependencies.jar:1.0-SNAPSHOT]
	at org.springframework.beans.factory.config.DependencyDescriptor.resolveCandidate(DependencyDescriptor.java:254) ~[webportal-jar-with-dependencies.jar:1.0-SNAPSHOT]
	at org.springframework.beans.factory.support.DefaultListableBeanFactory.doResolveDependency(DefaultListableBeanFactory.java:1443) ~[webportal-jar-with-dependencies.jar:1.0-SNAPSHOT]
	at org.springframework.beans.factory.support.DefaultListableBeanFactory.resolveDependency(DefaultListableBeanFactory.java:1353) ~[webportal-jar-with-dependencies.jar:1.0-SNAPSHOT]
	at org.springframework.beans.factory.support.ConstructorResolver.resolveAutowiredArgument(ConstructorResolver.java:907) ~[webportal-jar-with-dependencies.jar:1.0-SNAPSHOT]
	at org.springframework.beans.factory.support.ConstructorResolver.createArgumentArray(ConstructorResolver.java:785) ~[webportal-jar-with-dependencies.jar:1.0-SNAPSHOT]
	... 16 more
Caused by: org.springframework.beans.BeanInstantiationException: Failed to instantiate [org.texttechnologylab.uce.common.services.DataInterface]: Factory method 'databaseService' threw exception with message: DUA backend is not part of the Postgres UCE web search/RAG runtime.
	at org.springframework.beans.factory.support.SimpleInstantiationStrategy.instantiate(SimpleInstantiationStrategy.java:177) ~[webportal-jar-with-dependencies.jar:1.0-SNAPSHOT]
	at org.springframework.beans.factory.support.ConstructorResolver.instantiate(ConstructorResolver.java:647) ~[webportal-jar-with-dependencies.jar:1.0-SNAPSHOT]
	at org.springframework.beans.factory.support.ConstructorResolver.instantiateUsingFactoryMethod(ConstructorResolver.java:485) ~[webportal-jar-with-dependencies.jar:1.0-SNAPSHOT]
	at org.springframework.beans.factory.support.AbstractAutowireCapableBeanFactory.instantiateUsingFactoryMethod(AbstractAutowireCapableBeanFactory.java:1334) ~[webportal-jar-with-dependencies.jar:1.0-SNAPSHOT]
	at org.springframework.beans.factory.support.AbstractAutowireCapableBeanFactory.createBeanInstance(AbstractAutowireCapableBeanFactory.java:1164) ~[webportal-jar-with-dependencies.jar:1.0-SNAPSHOT]
	at org.springframework.beans.factory.support.AbstractAutowireCapableBeanFactory.doCreateBean(AbstractAutowireCapableBeanFactory.java:561) ~[webportal-jar-with-dependencies.jar:1.0-SNAPSHOT]
	at org.springframework.beans.factory.support.AbstractAutowireCapableBeanFactory.createBean(AbstractAutowireCapableBeanFactory.java:521) ~[webportal-jar-with-dependencies.jar:1.0-SNAPSHOT]
	at org.springframework.beans.factory.support.AbstractBeanFactory.lambda$doGetBean$0(AbstractBeanFactory.java:325) ~[webportal-jar-with-dependencies.jar:1.0-SNAPSHOT]
	at org.springframework.beans.factory.support.DefaultSingletonBeanRegistry.getSingleton(DefaultSingletonBeanRegistry.java:234) ~[webportal-jar-with-dependencies.jar:1.0-SNAPSHOT]
	at org.springframework.beans.factory.support.AbstractBeanFactory.doGetBean(AbstractBeanFactory.java:323) ~[webportal-jar-with-dependencies.jar:1.0-SNAPSHOT]
	at org.springframework.beans.factory.support.AbstractBeanFactory.getBean(AbstractBeanFactory.java:199) ~[webportal-jar-with-dependencies.jar:1.0-SNAPSHOT]
	at org.springframework.beans.factory.config.DependencyDescriptor.resolveCandidate(DependencyDescriptor.java:254) ~[webportal-jar-with-dependencies.jar:1.0-SNAPSHOT]
	at org.springframework.beans.factory.support.DefaultListableBeanFactory.doResolveDependency(DefaultListableBeanFactory.java:1443) ~[webportal-jar-with-dependencies.jar:1.0-SNAPSHOT]
	at org.springframework.beans.factory.support.DefaultListableBeanFactory.resolveDependency(DefaultListableBeanFactory.java:1353) ~[webportal-jar-with-dependencies.jar:1.0-SNAPSHOT]
	at org.springframework.beans.factory.support.ConstructorResolver.resolveAutowiredArgument(ConstructorResolver.java:907) ~[webportal-jar-with-dependencies.jar:1.0-SNAPSHOT]
	at org.springframework.beans.factory.support.ConstructorResolver.createArgumentArray(ConstructorResolver.java:785) ~[webportal-jar-with-dependencies.jar:1.0-SNAPSHOT]
	... 16 more
Caused by: java.lang.IllegalStateException: DUA backend is not part of the Postgres UCE web search/RAG runtime.
	at org.texttechnologylab.uce.common.config.SpringConfig.databaseService(SpringConfig.java:17) ~[webportal-jar-with-dependencies.jar:1.0-SNAPSHOT]
	at org.texttechnologylab.uce.common.config.SpringConfig$$SpringCGLIB$$0.CGLIB$databaseService$4(<generated>) ~[webportal-jar-with-dependencies.jar:1.0-SNAPSHOT]
	at org.texttechnologylab.uce.common.config.SpringConfig$$SpringCGLIB$$FastClass$$1.invoke(<generated>) ~[webportal-jar-with-dependencies.jar:1.0-SNAPSHOT]
	at org.springframework.cglib.proxy.MethodProxy.invokeSuper(MethodProxy.java:258) ~[webportal-jar-with-dependencies.jar:1.0-SNAPSHOT]
	at org.springframework.context.annotation.ConfigurationClassEnhancer$BeanMethodInterceptor.intercept(ConfigurationClassEnhancer.java:331) ~[webportal-jar-with-dependencies.jar:1.0-SNAPSHOT]
	at org.texttechnologylab.uce.common.config.SpringConfig$$SpringCGLIB$$0.databaseService(<generated>) ~[webportal-jar-with-dependencies.jar:1.0-SNAPSHOT]
	at java.base/jdk.internal.reflect.DirectMethodHandleAccessor.invoke(DirectMethodHandleAccessor.java:103) ~[?:?]
	at java.base/java.lang.reflect.Method.invoke(Method.java:580) ~[?:?]
	at org.springframework.beans.factory.support.SimpleInstantiationStrategy.instantiate(SimpleInstantiationStrategy.java:140) ~[webportal-jar-with-dependencies.jar:1.0-SNAPSHOT]
	at org.springframework.beans.factory.support.ConstructorResolver.instantiate(ConstructorResolver.java:647) ~[webportal-jar-with-dependencies.jar:1.0-SNAPSHOT]
	at org.springframework.beans.factory.support.ConstructorResolver.instantiateUsingFactoryMethod(ConstructorResolver.java:485) ~[webportal-jar-with-dependencies.jar:1.0-SNAPSHOT]
	at org.springframework.beans.factory.support.AbstractAutowireCapableBeanFactory.instantiateUsingFactoryMethod(AbstractAutowireCapableBeanFactory.java:1334) ~[webportal-jar-with-dependencies.jar:1.0-SNAPSHOT]
	at org.springframework.beans.factory.support.AbstractAutowireCapableBeanFactory.createBeanInstance(AbstractAutowireCapableBeanFactory.java:1164) ~[webportal-jar-with-dependencies.jar:1.0-SNAPSHOT]
	at org.springframework.beans.factory.support.AbstractAutowireCapableBeanFactory.doCreateBean(AbstractAutowireCapableBeanFactory.java:561) ~[webportal-jar-with-dependencies.jar:1.0-SNAPSHOT]
	at org.springframework.beans.factory.support.AbstractAutowireCapableBeanFactory.createBean(AbstractAutowireCapableBeanFactory.java:521) ~[webportal-jar-with-dependencies.jar:1.0-SNAPSHOT]
	at org.springframework.beans.factory.support.AbstractBeanFactory.lambda$doGetBean$0(AbstractBeanFactory.java:325) ~[webportal-jar-with-dependencies.jar:1.0-SNAPSHOT]
	at org.springframework.beans.factory.support.DefaultSingletonBeanRegistry.getSingleton(DefaultSingletonBeanRegistry.java:234) ~[webportal-jar-with-dependencies.jar:1.0-SNAPSHOT]
	at org.springframework.beans.factory.support.AbstractBeanFactory.doGetBean(AbstractBeanFactory.java:323) ~[webportal-jar-with-dependencies.jar:1.0-SNAPSHOT]
	at org.springframework.beans.factory.support.AbstractBeanFactory.getBean(AbstractBeanFactory.java:199) ~[webportal-jar-with-dependencies.jar:1.0-SNAPSHOT]
	at org.springframework.beans.factory.config.DependencyDescriptor.resolveCandidate(DependencyDescriptor.java:254) ~[webportal-jar-with-dependencies.jar:1.0-SNAPSHOT]
	at org.springframework.beans.factory.support.DefaultListableBeanFactory.doResolveDependency(DefaultListableBeanFactory.java:1443) ~[webportal-jar-with-dependencies.jar:1.0-SNAPSHOT]
	at org.springframework.beans.factory.support.DefaultListableBeanFactory.resolveDependency(DefaultListableBeanFactory.java:1353) ~[webportal-jar-with-dependencies.jar:1.0-SNAPSHOT]
	at org.springframework.beans.factory.support.ConstructorResolver.resolveAutowiredArgument(ConstructorResolver.java:907) ~[webportal-jar-with-dependencies.jar:1.0-SNAPSHOT]
	at org.springframework.beans.factory.support.ConstructorResolver.createArgumentArray(ConstructorResolver.java:785) ~[webportal-jar-with-dependencies.jar:1.0-SNAPSHOT]
	... 16 more
2026-06-18 12:28:21.379 [main] INFO  org.texttechnologylab.uce.web.App - Starting the UCE web service...
2026-06-18 12:28:21.386 [main] INFO  org.texttechnologylab.uce.web.App - Passed in command line args: -cf ../uce.common/src/main/resources/defaultUceConfig.json
2026-06-18 12:28:21.386 [main] INFO  org.texttechnologylab.uce.web.App - Parsing the UCE config...
2026-06-18 12:28:21.454 [main] INFO  org.texttechnologylab.uce.web.App - Read UCE Config from path: ../uce.common/src/main/resources/defaultUceConfig.json
2026-06-18 12:28:21.455 [main] INFO  org.texttechnologylab.uce.web.App - UCE Config read and instantiated.
2026-06-18 12:28:21.468 [main] INFO  org.texttechnologylab.uce.web.App - Loaded the common config.
2026-06-18 12:28:21.469 [main] INFO  org.texttechnologylab.uce.web.App - Language resources templates override path: /home/stud_homes/s0424382/projects/ttlab/uce/biofid-nova-preprocessing/UCE/uce.portal/resources/templates/
2026-06-18 12:28:21.469 [main] INFO  org.texttechnologylab.uce.web.App - Adjusting UCE to the UceConfig...
2026-06-18 12:28:23.087 [main] INFO  org.hibernate.Version - HHH000412: Hibernate ORM core version 1.0-SNAPSHOT
2026-06-18 12:28:23.432 [main] INFO  org.hibernate.spatial.integration.SpatialService - HHH80000001: hibernate-spatial integration enabled : true
2026-06-18 12:28:23.500 [main] INFO  org.hibernate.annotations.common.Version - HCANN000001: Hibernate Commons Annotations {5.1.2.Final}
2026-06-18 12:28:23.653 [main] INFO  org.hibernate.engine.jdbc.connections.internal.ConnectionProviderInitiator - HHH000130: Instantiating explicit connection provider: com.zaxxer.hikari.hibernate.HikariConnectionProvider
2026-06-18 12:28:23.708 [main] WARN  org.springframework.context.annotation.AnnotationConfigApplicationContext - Exception encountered during context initialization - cancelling refresh attempt: org.springframework.beans.factory.UnsatisfiedDependencyException: Error creating bean with name 'documentAccessManager' defined in org.texttechnologylab.uce.common.config.DocumentAccessConfig: Unsatisfied dependency expressed through method 'documentAccessManager' parameter 0: Error creating bean with name 'databaseService' defined in org.texttechnologylab.uce.common.config.SpringConfig: Failed to instantiate [org.texttechnologylab.uce.common.services.DataInterface]: Factory method 'databaseService' threw exception with message: Unable to create requested service [org.hibernate.engine.jdbc.env.spi.JdbcEnvironment]
2026-06-18 12:28:23.725 [main] FATAL org.texttechnologylab.uce.web.App - ========== [ABORT] ==========
The Application context couldn't be established. This is very likely due to a missing/invalid database connection. UCE will have to shutdown.
org.springframework.beans.factory.UnsatisfiedDependencyException: Error creating bean with name 'documentAccessManager' defined in org.texttechnologylab.uce.common.config.DocumentAccessConfig: Unsatisfied dependency expressed through method 'documentAccessManager' parameter 0: Error creating bean with name 'databaseService' defined in org.texttechnologylab.uce.common.config.SpringConfig: Failed to instantiate [org.texttechnologylab.uce.common.services.DataInterface]: Factory method 'databaseService' threw exception with message: Unable to create requested service [org.hibernate.engine.jdbc.env.spi.JdbcEnvironment]
	at org.springframework.beans.factory.support.ConstructorResolver.createArgumentArray(ConstructorResolver.java:798) ~[webportal-jar-with-dependencies.jar:1.0-SNAPSHOT]
	at org.springframework.beans.factory.support.ConstructorResolver.instantiateUsingFactoryMethod(ConstructorResolver.java:542) ~[webportal-jar-with-dependencies.jar:1.0-SNAPSHOT]
	at org.springframework.beans.factory.support.AbstractAutowireCapableBeanFactory.instantiateUsingFactoryMethod(AbstractAutowireCapableBeanFactory.java:1334) ~[webportal-jar-with-dependencies.jar:1.0-SNAPSHOT]
	at org.springframework.beans.factory.support.AbstractAutowireCapableBeanFactory.createBeanInstance(AbstractAutowireCapableBeanFactory.java:1164) ~[webportal-jar-with-dependencies.jar:1.0-SNAPSHOT]
	at org.springframework.beans.factory.support.AbstractAutowireCapableBeanFactory.doCreateBean(AbstractAutowireCapableBeanFactory.java:561) ~[webportal-jar-with-dependencies.jar:1.0-SNAPSHOT]
	at org.springframework.beans.factory.support.AbstractAutowireCapableBeanFactory.createBean(AbstractAutowireCapableBeanFactory.java:521) ~[webportal-jar-with-dependencies.jar:1.0-SNAPSHOT]
	at org.springframework.beans.factory.support.AbstractBeanFactory.lambda$doGetBean$0(AbstractBeanFactory.java:325) ~[webportal-jar-with-dependencies.jar:1.0-SNAPSHOT]
	at org.springframework.beans.factory.support.DefaultSingletonBeanRegistry.getSingleton(DefaultSingletonBeanRegistry.java:234) ~[webportal-jar-with-dependencies.jar:1.0-SNAPSHOT]
	at org.springframework.beans.factory.support.AbstractBeanFactory.doGetBean(AbstractBeanFactory.java:323) ~[webportal-jar-with-dependencies.jar:1.0-SNAPSHOT]
	at org.springframework.beans.factory.support.AbstractBeanFactory.getBean(AbstractBeanFactory.java:199) ~[webportal-jar-with-dependencies.jar:1.0-SNAPSHOT]
	at org.springframework.beans.factory.support.DefaultListableBeanFactory.preInstantiateSingletons(DefaultListableBeanFactory.java:975) ~[webportal-jar-with-dependencies.jar:1.0-SNAPSHOT]
	at org.springframework.context.support.AbstractApplicationContext.finishBeanFactoryInitialization(AbstractApplicationContext.java:959) ~[webportal-jar-with-dependencies.jar:1.0-SNAPSHOT]
	at org.springframework.context.support.AbstractApplicationContext.refresh(AbstractApplicationContext.java:624) ~[webportal-jar-with-dependencies.jar:1.0-SNAPSHOT]
	at org.springframework.context.annotation.AnnotationConfigApplicationContext.<init>(AnnotationConfigApplicationContext.java:93) ~[webportal-jar-with-dependencies.jar:1.0-SNAPSHOT]
	at org.texttechnologylab.uce.web.App.lambda$main$2(App.java:126) ~[webportal-jar-with-dependencies.jar:1.0-SNAPSHOT]
	at org.texttechnologylab.uce.common.exceptions.ExceptionUtils.tryCatchLog(ExceptionUtils.java:18) [webportal-jar-with-dependencies.jar:1.0-SNAPSHOT]
	at org.texttechnologylab.uce.web.App.main(App.java:125) [webportal-jar-with-dependencies.jar:1.0-SNAPSHOT]
Caused by: org.springframework.beans.factory.BeanCreationException: Error creating bean with name 'databaseService' defined in org.texttechnologylab.uce.common.config.SpringConfig: Failed to instantiate [org.texttechnologylab.uce.common.services.DataInterface]: Factory method 'databaseService' threw exception with message: Unable to create requested service [org.hibernate.engine.jdbc.env.spi.JdbcEnvironment]
	at org.springframework.beans.factory.support.ConstructorResolver.instantiate(ConstructorResolver.java:651) ~[webportal-jar-with-dependencies.jar:1.0-SNAPSHOT]
	at org.springframework.beans.factory.support.ConstructorResolver.instantiateUsingFactoryMethod(ConstructorResolver.java:485) ~[webportal-jar-with-dependencies.jar:1.0-SNAPSHOT]
	at org.springframework.beans.factory.support.AbstractAutowireCapableBeanFactory.instantiateUsingFactoryMethod(AbstractAutowireCapableBeanFactory.java:1334) ~[webportal-jar-with-dependencies.jar:1.0-SNAPSHOT]
	at org.springframework.beans.factory.support.AbstractAutowireCapableBeanFactory.createBeanInstance(AbstractAutowireCapableBeanFactory.java:1164) ~[webportal-jar-with-dependencies.jar:1.0-SNAPSHOT]
	at org.springframework.beans.factory.support.AbstractAutowireCapableBeanFactory.doCreateBean(AbstractAutowireCapableBeanFactory.java:561) ~[webportal-jar-with-dependencies.jar:1.0-SNAPSHOT]
	at org.springframework.beans.factory.support.AbstractAutowireCapableBeanFactory.createBean(AbstractAutowireCapableBeanFactory.java:521) ~[webportal-jar-with-dependencies.jar:1.0-SNAPSHOT]
	at org.springframework.beans.factory.support.AbstractBeanFactory.lambda$doGetBean$0(AbstractBeanFactory.java:325) ~[webportal-jar-with-dependencies.jar:1.0-SNAPSHOT]
	at org.springframework.beans.factory.support.DefaultSingletonBeanRegistry.getSingleton(DefaultSingletonBeanRegistry.java:234) ~[webportal-jar-with-dependencies.jar:1.0-SNAPSHOT]
	at org.springframework.beans.factory.support.AbstractBeanFactory.doGetBean(AbstractBeanFactory.java:323) ~[webportal-jar-with-dependencies.jar:1.0-SNAPSHOT]
	at org.springframework.beans.factory.support.AbstractBeanFactory.getBean(AbstractBeanFactory.java:199) ~[webportal-jar-with-dependencies.jar:1.0-SNAPSHOT]
	at org.springframework.beans.factory.config.DependencyDescriptor.resolveCandidate(DependencyDescriptor.java:254) ~[webportal-jar-with-dependencies.jar:1.0-SNAPSHOT]
	at org.springframework.beans.factory.support.DefaultListableBeanFactory.doResolveDependency(DefaultListableBeanFactory.java:1443) ~[webportal-jar-with-dependencies.jar:1.0-SNAPSHOT]
	at org.springframework.beans.factory.support.DefaultListableBeanFactory.resolveDependency(DefaultListableBeanFactory.java:1353) ~[webportal-jar-with-dependencies.jar:1.0-SNAPSHOT]
	at org.springframework.beans.factory.support.ConstructorResolver.resolveAutowiredArgument(ConstructorResolver.java:907) ~[webportal-jar-with-dependencies.jar:1.0-SNAPSHOT]
	at org.springframework.beans.factory.support.ConstructorResolver.createArgumentArray(ConstructorResolver.java:785) ~[webportal-jar-with-dependencies.jar:1.0-SNAPSHOT]
	... 16 more
Caused by: org.springframework.beans.BeanInstantiationException: Failed to instantiate [org.texttechnologylab.uce.common.services.DataInterface]: Factory method 'databaseService' threw exception with message: Unable to create requested service [org.hibernate.engine.jdbc.env.spi.JdbcEnvironment]
	at org.springframework.beans.factory.support.SimpleInstantiationStrategy.instantiate(SimpleInstantiationStrategy.java:177) ~[webportal-jar-with-dependencies.jar:1.0-SNAPSHOT]
	at org.springframework.beans.factory.support.ConstructorResolver.instantiate(ConstructorResolver.java:647) ~[webportal-jar-with-dependencies.jar:1.0-SNAPSHOT]
	at org.springframework.beans.factory.support.ConstructorResolver.instantiateUsingFactoryMethod(ConstructorResolver.java:485) ~[webportal-jar-with-dependencies.jar:1.0-SNAPSHOT]
	at org.springframework.beans.factory.support.AbstractAutowireCapableBeanFactory.instantiateUsingFactoryMethod(AbstractAutowireCapableBeanFactory.java:1334) ~[webportal-jar-with-dependencies.jar:1.0-SNAPSHOT]
	at org.springframework.beans.factory.support.AbstractAutowireCapableBeanFactory.createBeanInstance(AbstractAutowireCapableBeanFactory.java:1164) ~[webportal-jar-with-dependencies.jar:1.0-SNAPSHOT]
	at org.springframework.beans.factory.support.AbstractAutowireCapableBeanFactory.doCreateBean(AbstractAutowireCapableBeanFactory.java:561) ~[webportal-jar-with-dependencies.jar:1.0-SNAPSHOT]
	at org.springframework.beans.factory.support.AbstractAutowireCapableBeanFactory.createBean(AbstractAutowireCapableBeanFactory.java:521) ~[webportal-jar-with-dependencies.jar:1.0-SNAPSHOT]
	at org.springframework.beans.factory.support.AbstractBeanFactory.lambda$doGetBean$0(AbstractBeanFactory.java:325) ~[webportal-jar-with-dependencies.jar:1.0-SNAPSHOT]
	at org.springframework.beans.factory.support.DefaultSingletonBeanRegistry.getSingleton(DefaultSingletonBeanRegistry.java:234) ~[webportal-jar-with-dependencies.jar:1.0-SNAPSHOT]
	at org.springframework.beans.factory.support.AbstractBeanFactory.doGetBean(AbstractBeanFactory.java:323) ~[webportal-jar-with-dependencies.jar:1.0-SNAPSHOT]
	at org.springframework.beans.factory.support.AbstractBeanFactory.getBean(AbstractBeanFactory.java:199) ~[webportal-jar-with-dependencies.jar:1.0-SNAPSHOT]
	at org.springframework.beans.factory.config.DependencyDescriptor.resolveCandidate(DependencyDescriptor.java:254) ~[webportal-jar-with-dependencies.jar:1.0-SNAPSHOT]
	at org.springframework.beans.factory.support.DefaultListableBeanFactory.doResolveDependency(DefaultListableBeanFactory.java:1443) ~[webportal-jar-with-dependencies.jar:1.0-SNAPSHOT]
	at org.springframework.beans.factory.support.DefaultListableBeanFactory.resolveDependency(DefaultListableBeanFactory.java:1353) ~[webportal-jar-with-dependencies.jar:1.0-SNAPSHOT]
	at org.springframework.beans.factory.support.ConstructorResolver.resolveAutowiredArgument(ConstructorResolver.java:907) ~[webportal-jar-with-dependencies.jar:1.0-SNAPSHOT]
	at org.springframework.beans.factory.support.ConstructorResolver.createArgumentArray(ConstructorResolver.java:785) ~[webportal-jar-with-dependencies.jar:1.0-SNAPSHOT]
	... 16 more
Caused by: org.hibernate.service.spi.ServiceException: Unable to create requested service [org.hibernate.engine.jdbc.env.spi.JdbcEnvironment]
	at org.hibernate.service.internal.AbstractServiceRegistryImpl.createService(AbstractServiceRegistryImpl.java:284) ~[webportal-jar-with-dependencies.jar:1.0-SNAPSHOT]
	at org.hibernate.service.internal.AbstractServiceRegistryImpl.initializeService(AbstractServiceRegistryImpl.java:246) ~[webportal-jar-with-dependencies.jar:1.0-SNAPSHOT]
	at org.hibernate.service.internal.AbstractServiceRegistryImpl.getService(AbstractServiceRegistryImpl.java:223) ~[webportal-jar-with-dependencies.jar:1.0-SNAPSHOT]
	at org.hibernate.id.factory.internal.DefaultIdentifierGeneratorFactory.injectServices(DefaultIdentifierGeneratorFactory.java:175) ~[webportal-jar-with-dependencies.jar:1.0-SNAPSHOT]
	at org.hibernate.service.internal.AbstractServiceRegistryImpl.injectDependencies(AbstractServiceRegistryImpl.java:295) ~[webportal-jar-with-dependencies.jar:1.0-SNAPSHOT]
	at org.hibernate.service.internal.AbstractServiceRegistryImpl.initializeService(AbstractServiceRegistryImpl.java:252) ~[webportal-jar-with-dependencies.jar:1.0-SNAPSHOT]
	at org.hibernate.service.internal.AbstractServiceRegistryImpl.getService(AbstractServiceRegistryImpl.java:223) ~[webportal-jar-with-dependencies.jar:1.0-SNAPSHOT]
	at org.hibernate.boot.internal.InFlightMetadataCollectorImpl.<init>(InFlightMetadataCollectorImpl.java:173) ~[webportal-jar-with-dependencies.jar:1.0-SNAPSHOT]
	at org.hibernate.boot.model.process.spi.MetadataBuildingProcess.complete(MetadataBuildingProcess.java:127) ~[webportal-jar-with-dependencies.jar:1.0-SNAPSHOT]
	at org.hibernate.boot.model.process.spi.MetadataBuildingProcess.build(MetadataBuildingProcess.java:86) ~[webportal-jar-with-dependencies.jar:1.0-SNAPSHOT]
	at org.hibernate.boot.internal.MetadataBuilderImpl.build(MetadataBuilderImpl.java:479) ~[webportal-jar-with-dependencies.jar:1.0-SNAPSHOT]
	at org.hibernate.boot.internal.MetadataBuilderImpl.build(MetadataBuilderImpl.java:85) ~[webportal-jar-with-dependencies.jar:1.0-SNAPSHOT]
	at org.hibernate.boot.MetadataSources.buildMetadata(MetadataSources.java:202) ~[webportal-jar-with-dependencies.jar:1.0-SNAPSHOT]
	at org.texttechnologylab.uce.common.config.HibernateConf.buildSessionFactory(HibernateConf.java:93) ~[webportal-jar-with-dependencies.jar:1.0-SNAPSHOT]
	at org.texttechnologylab.uce.common.services.PostgresqlDataInterface_Impl.<init>(PostgresqlDataInterface_Impl.java:81) ~[webportal-jar-with-dependencies.jar:1.0-SNAPSHOT]
	at org.texttechnologylab.uce.common.config.SpringConfig.databaseService(SpringConfig.java:16) ~[webportal-jar-with-dependencies.jar:1.0-SNAPSHOT]
	at org.texttechnologylab.uce.common.config.SpringConfig$$SpringCGLIB$$0.CGLIB$databaseService$4(<generated>) ~[webportal-jar-with-dependencies.jar:1.0-SNAPSHOT]
	at org.texttechnologylab.uce.common.config.SpringConfig$$SpringCGLIB$$FastClass$$1.invoke(<generated>) ~[webportal-jar-with-dependencies.jar:1.0-SNAPSHOT]
	at org.springframework.cglib.proxy.MethodProxy.invokeSuper(MethodProxy.java:258) ~[webportal-jar-with-dependencies.jar:1.0-SNAPSHOT]
	at org.springframework.context.annotation.ConfigurationClassEnhancer$BeanMethodInterceptor.intercept(ConfigurationClassEnhancer.java:331) ~[webportal-jar-with-dependencies.jar:1.0-SNAPSHOT]
	at org.texttechnologylab.uce.common.config.SpringConfig$$SpringCGLIB$$0.databaseService(<generated>) ~[webportal-jar-with-dependencies.jar:1.0-SNAPSHOT]
	at java.base/jdk.internal.reflect.DirectMethodHandleAccessor.invoke(DirectMethodHandleAccessor.java:103) ~[?:?]
	at java.base/java.lang.reflect.Method.invoke(Method.java:580) ~[?:?]
	at org.springframework.beans.factory.support.SimpleInstantiationStrategy.instantiate(SimpleInstantiationStrategy.java:140) ~[webportal-jar-with-dependencies.jar:1.0-SNAPSHOT]
	at org.springframework.beans.factory.support.ConstructorResolver.instantiate(ConstructorResolver.java:647) ~[webportal-jar-with-dependencies.jar:1.0-SNAPSHOT]
	at org.springframework.beans.factory.support.ConstructorResolver.instantiateUsingFactoryMethod(ConstructorResolver.java:485) ~[webportal-jar-with-dependencies.jar:1.0-SNAPSHOT]
	at org.springframework.beans.factory.support.AbstractAutowireCapableBeanFactory.instantiateUsingFactoryMethod(AbstractAutowireCapableBeanFactory.java:1334) ~[webportal-jar-with-dependencies.jar:1.0-SNAPSHOT]
	at org.springframework.beans.factory.support.AbstractAutowireCapableBeanFactory.createBeanInstance(AbstractAutowireCapableBeanFactory.java:1164) ~[webportal-jar-with-dependencies.jar:1.0-SNAPSHOT]
	at org.springframework.beans.factory.support.AbstractAutowireCapableBeanFactory.doCreateBean(AbstractAutowireCapableBeanFactory.java:561) ~[webportal-jar-with-dependencies.jar:1.0-SNAPSHOT]
	at org.springframework.beans.factory.support.AbstractAutowireCapableBeanFactory.createBean(AbstractAutowireCapableBeanFactory.java:521) ~[webportal-jar-with-dependencies.jar:1.0-SNAPSHOT]
	at org.springframework.beans.factory.support.AbstractBeanFactory.lambda$doGetBean$0(AbstractBeanFactory.java:325) ~[webportal-jar-with-dependencies.jar:1.0-SNAPSHOT]
	at org.springframework.beans.factory.support.DefaultSingletonBeanRegistry.getSingleton(DefaultSingletonBeanRegistry.java:234) ~[webportal-jar-with-dependencies.jar:1.0-SNAPSHOT]
	at org.springframework.beans.factory.support.AbstractBeanFactory.doGetBean(AbstractBeanFactory.java:323) ~[webportal-jar-with-dependencies.jar:1.0-SNAPSHOT]
	at org.springframework.beans.factory.support.AbstractBeanFactory.getBean(AbstractBeanFactory.java:199) ~[webportal-jar-with-dependencies.jar:1.0-SNAPSHOT]
	at org.springframework.beans.factory.config.DependencyDescriptor.resolveCandidate(DependencyDescriptor.java:254) ~[webportal-jar-with-dependencies.jar:1.0-SNAPSHOT]
	at org.springframework.beans.factory.support.DefaultListableBeanFactory.doResolveDependency(DefaultListableBeanFactory.java:1443) ~[webportal-jar-with-dependencies.jar:1.0-SNAPSHOT]
	at org.springframework.beans.factory.support.DefaultListableBeanFactory.resolveDependency(DefaultListableBeanFactory.java:1353) ~[webportal-jar-with-dependencies.jar:1.0-SNAPSHOT]
	at org.springframework.beans.factory.support.ConstructorResolver.resolveAutowiredArgument(ConstructorResolver.java:907) ~[webportal-jar-with-dependencies.jar:1.0-SNAPSHOT]
	at org.springframework.beans.factory.support.ConstructorResolver.createArgumentArray(ConstructorResolver.java:785) ~[webportal-jar-with-dependencies.jar:1.0-SNAPSHOT]
	... 16 more
Caused by: org.hibernate.HibernateException: java.lang.IllegalArgumentException: jdbcUrl is required with driverClassName.
	at com.zaxxer.hikari.hibernate.HikariConnectionProvider.configure(HikariConnectionProvider.java:91) ~[webportal-jar-with-dependencies.jar:1.0-SNAPSHOT]
	at org.hibernate.boot.registry.internal.StandardServiceRegistryImpl.configureService(StandardServiceRegistryImpl.java:107) ~[webportal-jar-with-dependencies.jar:1.0-SNAPSHOT]
	at org.hibernate.service.internal.AbstractServiceRegistryImpl.initializeService(AbstractServiceRegistryImpl.java:255) ~[webportal-jar-with-dependencies.jar:1.0-SNAPSHOT]
	at org.hibernate.service.internal.AbstractServiceRegistryImpl.getService(AbstractServiceRegistryImpl.java:223) ~[webportal-jar-with-dependencies.jar:1.0-SNAPSHOT]
	at org.hibernate.engine.jdbc.env.internal.JdbcEnvironmentInitiator.buildJdbcConnectionAccess(JdbcEnvironmentInitiator.java:146) ~[webportal-jar-with-dependencies.jar:1.0-SNAPSHOT]
	at org.hibernate.engine.jdbc.env.internal.JdbcEnvironmentInitiator.initiateService(JdbcEnvironmentInitiator.java:66) ~[webportal-jar-with-dependencies.jar:1.0-SNAPSHOT]
	at org.hibernate.engine.jdbc.env.internal.JdbcEnvironmentInitiator.initiateService(JdbcEnvironmentInitiator.java:35) ~[webportal-jar-with-dependencies.jar:1.0-SNAPSHOT]
	at org.hibernate.boot.registry.internal.StandardServiceRegistryImpl.initiateService(StandardServiceRegistryImpl.java:101) ~[webportal-jar-with-dependencies.jar:1.0-SNAPSHOT]
	at org.hibernate.service.internal.AbstractServiceRegistryImpl.createService(AbstractServiceRegistryImpl.java:272) ~[webportal-jar-with-dependencies.jar:1.0-SNAPSHOT]
	at org.hibernate.service.internal.AbstractServiceRegistryImpl.initializeService(AbstractServiceRegistryImpl.java:246) ~[webportal-jar-with-dependencies.jar:1.0-SNAPSHOT]
	at org.hibernate.service.internal.AbstractServiceRegistryImpl.getService(AbstractServiceRegistryImpl.java:223) ~[webportal-jar-with-dependencies.jar:1.0-SNAPSHOT]
	at org.hibernate.id.factory.internal.DefaultIdentifierGeneratorFactory.injectServices(DefaultIdentifierGeneratorFactory.java:175) ~[webportal-jar-with-dependencies.jar:1.0-SNAPSHOT]
	at org.hibernate.service.internal.AbstractServiceRegistryImpl.injectDependencies(AbstractServiceRegistryImpl.java:295) ~[webportal-jar-with-dependencies.jar:1.0-SNAPSHOT]
	at org.hibernate.service.internal.AbstractServiceRegistryImpl.initializeService(AbstractServiceRegistryImpl.java:252) ~[webportal-jar-with-dependencies.jar:1.0-SNAPSHOT]
	at org.hibernate.service.internal.AbstractServiceRegistryImpl.getService(AbstractServiceRegistryImpl.java:223) ~[webportal-jar-with-dependencies.jar:1.0-SNAPSHOT]
	at org.hibernate.boot.internal.InFlightMetadataCollectorImpl.<init>(InFlightMetadataCollectorImpl.java:173) ~[webportal-jar-with-dependencies.jar:1.0-SNAPSHOT]
	at org.hibernate.boot.model.process.spi.MetadataBuildingProcess.complete(MetadataBuildingProcess.java:127) ~[webportal-jar-with-dependencies.jar:1.0-SNAPSHOT]
	at org.hibernate.boot.model.process.spi.MetadataBuildingProcess.build(MetadataBuildingProcess.java:86) ~[webportal-jar-with-dependencies.jar:1.0-SNAPSHOT]
	at org.hibernate.boot.internal.MetadataBuilderImpl.build(MetadataBuilderImpl.java:479) ~[webportal-jar-with-dependencies.jar:1.0-SNAPSHOT]
	at org.hibernate.boot.internal.MetadataBuilderImpl.build(MetadataBuilderImpl.java:85) ~[webportal-jar-with-dependencies.jar:1.0-SNAPSHOT]
	at org.hibernate.boot.MetadataSources.buildMetadata(MetadataSources.java:202) ~[webportal-jar-with-dependencies.jar:1.0-SNAPSHOT]
	at org.texttechnologylab.uce.common.config.HibernateConf.buildSessionFactory(HibernateConf.java:93) ~[webportal-jar-with-dependencies.jar:1.0-SNAPSHOT]
	at org.texttechnologylab.uce.common.services.PostgresqlDataInterface_Impl.<init>(PostgresqlDataInterface_Impl.java:81) ~[webportal-jar-with-dependencies.jar:1.0-SNAPSHOT]
	at org.texttechnologylab.uce.common.config.SpringConfig.databaseService(SpringConfig.java:16) ~[webportal-jar-with-dependencies.jar:1.0-SNAPSHOT]
	at org.texttechnologylab.uce.common.config.SpringConfig$$SpringCGLIB$$0.CGLIB$databaseService$4(<generated>) ~[webportal-jar-with-dependencies.jar:1.0-SNAPSHOT]
	at org.texttechnologylab.uce.common.config.SpringConfig$$SpringCGLIB$$FastClass$$1.invoke(<generated>) ~[webportal-jar-with-dependencies.jar:1.0-SNAPSHOT]
	at org.springframework.cglib.proxy.MethodProxy.invokeSuper(MethodProxy.java:258) ~[webportal-jar-with-dependencies.jar:1.0-SNAPSHOT]
	at org.springframework.context.annotation.ConfigurationClassEnhancer$BeanMethodInterceptor.intercept(ConfigurationClassEnhancer.java:331) ~[webportal-jar-with-dependencies.jar:1.0-SNAPSHOT]
	at org.texttechnologylab.uce.common.config.SpringConfig$$SpringCGLIB$$0.databaseService(<generated>) ~[webportal-jar-with-dependencies.jar:1.0-SNAPSHOT]
	at java.base/jdk.internal.reflect.DirectMethodHandleAccessor.invoke(DirectMethodHandleAccessor.java:103) ~[?:?]
	at java.base/java.lang.reflect.Method.invoke(Method.java:580) ~[?:?]
	at org.springframework.beans.factory.support.SimpleInstantiationStrategy.instantiate(SimpleInstantiationStrategy.java:140) ~[webportal-jar-with-dependencies.jar:1.0-SNAPSHOT]
	at org.springframework.beans.factory.support.ConstructorResolver.instantiate(ConstructorResolver.java:647) ~[webportal-jar-with-dependencies.jar:1.0-SNAPSHOT]
	at org.springframework.beans.factory.support.ConstructorResolver.instantiateUsingFactoryMethod(ConstructorResolver.java:485) ~[webportal-jar-with-dependencies.jar:1.0-SNAPSHOT]
	at org.springframework.beans.factory.support.AbstractAutowireCapableBeanFactory.instantiateUsingFactoryMethod(AbstractAutowireCapableBeanFactory.java:1334) ~[webportal-jar-with-dependencies.jar:1.0-SNAPSHOT]
	at org.springframework.beans.factory.support.AbstractAutowireCapableBeanFactory.createBeanInstance(AbstractAutowireCapableBeanFactory.java:1164) ~[webportal-jar-with-dependencies.jar:1.0-SNAPSHOT]
	at org.springframework.beans.factory.support.AbstractAutowireCapableBeanFactory.doCreateBean(AbstractAutowireCapableBeanFactory.java:561) ~[webportal-jar-with-dependencies.jar:1.0-SNAPSHOT]
	at org.springframework.beans.factory.support.AbstractAutowireCapableBeanFactory.createBean(AbstractAutowireCapableBeanFactory.java:521) ~[webportal-jar-with-dependencies.jar:1.0-SNAPSHOT]
	at org.springframework.beans.factory.support.AbstractBeanFactory.lambda$doGetBean$0(AbstractBeanFactory.java:325) ~[webportal-jar-with-dependencies.jar:1.0-SNAPSHOT]
	at org.springframework.beans.factory.support.DefaultSingletonBeanRegistry.getSingleton(DefaultSingletonBeanRegistry.java:234) ~[webportal-jar-with-dependencies.jar:1.0-SNAPSHOT]
	at org.springframework.beans.factory.support.AbstractBeanFactory.doGetBean(AbstractBeanFactory.java:323) ~[webportal-jar-with-dependencies.jar:1.0-SNAPSHOT]
	at org.springframework.beans.factory.support.AbstractBeanFactory.getBean(AbstractBeanFactory.java:199) ~[webportal-jar-with-dependencies.jar:1.0-SNAPSHOT]
	at org.springframework.beans.factory.config.DependencyDescriptor.resolveCandidate(DependencyDescriptor.java:254) ~[webportal-jar-with-dependencies.jar:1.0-SNAPSHOT]
	at org.springframework.beans.factory.support.DefaultListableBeanFactory.doResolveDependency(DefaultListableBeanFactory.java:1443) ~[webportal-jar-with-dependencies.jar:1.0-SNAPSHOT]
	at org.springframework.beans.factory.support.DefaultListableBeanFactory.resolveDependency(DefaultListableBeanFactory.java:1353) ~[webportal-jar-with-dependencies.jar:1.0-SNAPSHOT]
	at org.springframework.beans.factory.support.ConstructorResolver.resolveAutowiredArgument(ConstructorResolver.java:907) ~[webportal-jar-with-dependencies.jar:1.0-SNAPSHOT]
	at org.springframework.beans.factory.support.ConstructorResolver.createArgumentArray(ConstructorResolver.java:785) ~[webportal-jar-with-dependencies.jar:1.0-SNAPSHOT]
	... 16 more
Caused by: java.lang.IllegalArgumentException: jdbcUrl is required with driverClassName.
	at com.zaxxer.hikari.HikariConfig.validate(HikariConfig.java:1022) ~[webportal-jar-with-dependencies.jar:1.0-SNAPSHOT]
	at com.zaxxer.hikari.HikariDataSource.<init>(HikariDataSource.java:77) ~[webportal-jar-with-dependencies.jar:1.0-SNAPSHOT]
	at com.zaxxer.hikari.hibernate.HikariConnectionProvider.configure(HikariConnectionProvider.java:87) ~[webportal-jar-with-dependencies.jar:1.0-SNAPSHOT]
	at org.hibernate.boot.registry.internal.StandardServiceRegistryImpl.configureService(StandardServiceRegistryImpl.java:107) ~[webportal-jar-with-dependencies.jar:1.0-SNAPSHOT]
	at org.hibernate.service.internal.AbstractServiceRegistryImpl.initializeService(AbstractServiceRegistryImpl.java:255) ~[webportal-jar-with-dependencies.jar:1.0-SNAPSHOT]
	at org.hibernate.service.internal.AbstractServiceRegistryImpl.getService(AbstractServiceRegistryImpl.java:223) ~[webportal-jar-with-dependencies.jar:1.0-SNAPSHOT]
	at org.hibernate.engine.jdbc.env.internal.JdbcEnvironmentInitiator.buildJdbcConnectionAccess(JdbcEnvironmentInitiator.java:146) ~[webportal-jar-with-dependencies.jar:1.0-SNAPSHOT]
	at org.hibernate.engine.jdbc.env.internal.JdbcEnvironmentInitiator.initiateService(JdbcEnvironmentInitiator.java:66) ~[webportal-jar-with-dependencies.jar:1.0-SNAPSHOT]
	at org.hibernate.engine.jdbc.env.internal.JdbcEnvironmentInitiator.initiateService(JdbcEnvironmentInitiator.java:35) ~[webportal-jar-with-dependencies.jar:1.0-SNAPSHOT]
	at org.hibernate.boot.registry.internal.StandardServiceRegistryImpl.initiateService(StandardServiceRegistryImpl.java:101) ~[webportal-jar-with-dependencies.jar:1.0-SNAPSHOT]
	at org.hibernate.service.internal.AbstractServiceRegistryImpl.createService(AbstractServiceRegistryImpl.java:272) ~[webportal-jar-with-dependencies.jar:1.0-SNAPSHOT]
	at org.hibernate.service.internal.AbstractServiceRegistryImpl.initializeService(AbstractServiceRegistryImpl.java:246) ~[webportal-jar-with-dependencies.jar:1.0-SNAPSHOT]
	at org.hibernate.service.internal.AbstractServiceRegistryImpl.getService(AbstractServiceRegistryImpl.java:223) ~[webportal-jar-with-dependencies.jar:1.0-SNAPSHOT]
	at org.hibernate.id.factory.internal.DefaultIdentifierGeneratorFactory.injectServices(DefaultIdentifierGeneratorFactory.java:175) ~[webportal-jar-with-dependencies.jar:1.0-SNAPSHOT]
	at org.hibernate.service.internal.AbstractServiceRegistryImpl.injectDependencies(AbstractServiceRegistryImpl.java:295) ~[webportal-jar-with-dependencies.jar:1.0-SNAPSHOT]
	at org.hibernate.service.internal.AbstractServiceRegistryImpl.initializeService(AbstractServiceRegistryImpl.java:252) ~[webportal-jar-with-dependencies.jar:1.0-SNAPSHOT]
	at org.hibernate.service.internal.AbstractServiceRegistryImpl.getService(AbstractServiceRegistryImpl.java:223) ~[webportal-jar-with-dependencies.jar:1.0-SNAPSHOT]
	at org.hibernate.boot.internal.InFlightMetadataCollectorImpl.<init>(InFlightMetadataCollectorImpl.java:173) ~[webportal-jar-with-dependencies.jar:1.0-SNAPSHOT]
	at org.hibernate.boot.model.process.spi.MetadataBuildingProcess.complete(MetadataBuildingProcess.java:127) ~[webportal-jar-with-dependencies.jar:1.0-SNAPSHOT]
	at org.hibernate.boot.model.process.spi.MetadataBuildingProcess.build(MetadataBuildingProcess.java:86) ~[webportal-jar-with-dependencies.jar:1.0-SNAPSHOT]
	at org.hibernate.boot.internal.MetadataBuilderImpl.build(MetadataBuilderImpl.java:479) ~[webportal-jar-with-dependencies.jar:1.0-SNAPSHOT]
	at org.hibernate.boot.internal.MetadataBuilderImpl.build(MetadataBuilderImpl.java:85) ~[webportal-jar-with-dependencies.jar:1.0-SNAPSHOT]
	at org.hibernate.boot.MetadataSources.buildMetadata(MetadataSources.java:202) ~[webportal-jar-with-dependencies.jar:1.0-SNAPSHOT]
	at org.texttechnologylab.uce.common.config.HibernateConf.buildSessionFactory(HibernateConf.java:93) ~[webportal-jar-with-dependencies.jar:1.0-SNAPSHOT]
	at org.texttechnologylab.uce.common.services.PostgresqlDataInterface_Impl.<init>(PostgresqlDataInterface_Impl.java:81) ~[webportal-jar-with-dependencies.jar:1.0-SNAPSHOT]
	at org.texttechnologylab.uce.common.config.SpringConfig.databaseService(SpringConfig.java:16) ~[webportal-jar-with-dependencies.jar:1.0-SNAPSHOT]
	at org.texttechnologylab.uce.common.config.SpringConfig$$SpringCGLIB$$0.CGLIB$databaseService$4(<generated>) ~[webportal-jar-with-dependencies.jar:1.0-SNAPSHOT]
	at org.texttechnologylab.uce.common.config.SpringConfig$$SpringCGLIB$$FastClass$$1.invoke(<generated>) ~[webportal-jar-with-dependencies.jar:1.0-SNAPSHOT]
	at org.springframework.cglib.proxy.MethodProxy.invokeSuper(MethodProxy.java:258) ~[webportal-jar-with-dependencies.jar:1.0-SNAPSHOT]
	at org.springframework.context.annotation.ConfigurationClassEnhancer$BeanMethodInterceptor.intercept(ConfigurationClassEnhancer.java:331) ~[webportal-jar-with-dependencies.jar:1.0-SNAPSHOT]
	at org.texttechnologylab.uce.common.config.SpringConfig$$SpringCGLIB$$0.databaseService(<generated>) ~[webportal-jar-with-dependencies.jar:1.0-SNAPSHOT]
	at java.base/jdk.internal.reflect.DirectMethodHandleAccessor.invoke(DirectMethodHandleAccessor.java:103) ~[?:?]
	at java.base/java.lang.reflect.Method.invoke(Method.java:580) ~[?:?]
	at org.springframework.beans.factory.support.SimpleInstantiationStrategy.instantiate(SimpleInstantiationStrategy.java:140) ~[webportal-jar-with-dependencies.jar:1.0-SNAPSHOT]
	at org.springframework.beans.factory.support.ConstructorResolver.instantiate(ConstructorResolver.java:647) ~[webportal-jar-with-dependencies.jar:1.0-SNAPSHOT]
	at org.springframework.beans.factory.support.ConstructorResolver.instantiateUsingFactoryMethod(ConstructorResolver.java:485) ~[webportal-jar-with-dependencies.jar:1.0-SNAPSHOT]
	at org.springframework.beans.factory.support.AbstractAutowireCapableBeanFactory.instantiateUsingFactoryMethod(AbstractAutowireCapableBeanFactory.java:1334) ~[webportal-jar-with-dependencies.jar:1.0-SNAPSHOT]
	at org.springframework.beans.factory.support.AbstractAutowireCapableBeanFactory.createBeanInstance(AbstractAutowireCapableBeanFactory.java:1164) ~[webportal-jar-with-dependencies.jar:1.0-SNAPSHOT]
	at org.springframework.beans.factory.support.AbstractAutowireCapableBeanFactory.doCreateBean(AbstractAutowireCapableBeanFactory.java:561) ~[webportal-jar-with-dependencies.jar:1.0-SNAPSHOT]
	at org.springframework.beans.factory.support.AbstractAutowireCapableBeanFactory.createBean(AbstractAutowireCapableBeanFactory.java:521) ~[webportal-jar-with-dependencies.jar:1.0-SNAPSHOT]
	at org.springframework.beans.factory.support.AbstractBeanFactory.lambda$doGetBean$0(AbstractBeanFactory.java:325) ~[webportal-jar-with-dependencies.jar:1.0-SNAPSHOT]
	at org.springframework.beans.factory.support.DefaultSingletonBeanRegistry.getSingleton(DefaultSingletonBeanRegistry.java:234) ~[webportal-jar-with-dependencies.jar:1.0-SNAPSHOT]
	at org.springframework.beans.factory.support.AbstractBeanFactory.doGetBean(AbstractBeanFactory.java:323) ~[webportal-jar-with-dependencies.jar:1.0-SNAPSHOT]
	at org.springframework.beans.factory.support.AbstractBeanFactory.getBean(AbstractBeanFactory.java:199) ~[webportal-jar-with-dependencies.jar:1.0-SNAPSHOT]
	at org.springframework.beans.factory.config.DependencyDescriptor.resolveCandidate(DependencyDescriptor.java:254) ~[webportal-jar-with-dependencies.jar:1.0-SNAPSHOT]
	at org.springframework.beans.factory.support.DefaultListableBeanFactory.doResolveDependency(DefaultListableBeanFactory.java:1443) ~[webportal-jar-with-dependencies.jar:1.0-SNAPSHOT]
	at org.springframework.beans.factory.support.DefaultListableBeanFactory.resolveDependency(DefaultListableBeanFactory.java:1353) ~[webportal-jar-with-dependencies.jar:1.0-SNAPSHOT]
	at org.springframework.beans.factory.support.ConstructorResolver.resolveAutowiredArgument(ConstructorResolver.java:907) ~[webportal-jar-with-dependencies.jar:1.0-SNAPSHOT]
	at org.springframework.beans.factory.support.ConstructorResolver.createArgumentArray(ConstructorResolver.java:785) ~[webportal-jar-with-dependencies.jar:1.0-SNAPSHOT]
	... 16 more
2026-06-18 12:29:37.763 [main] INFO  org.texttechnologylab.uce.web.App - Starting the UCE web service...
2026-06-18 12:29:37.770 [main] INFO  org.texttechnologylab.uce.web.App - Passed in command line args: -cf ../uce.common/src/main/resources/defaultUceConfig.json
2026-06-18 12:29:37.771 [main] INFO  org.texttechnologylab.uce.web.App - Parsing the UCE config...
2026-06-18 12:29:37.838 [main] INFO  org.texttechnologylab.uce.web.App - Read UCE Config from path: ../uce.common/src/main/resources/defaultUceConfig.json
2026-06-18 12:29:37.839 [main] INFO  org.texttechnologylab.uce.web.App - UCE Config read and instantiated.
2026-06-18 12:29:37.852 [main] INFO  org.texttechnologylab.uce.web.App - Loaded the common config.
2026-06-18 12:29:37.854 [main] INFO  org.texttechnologylab.uce.web.App - Language resources templates override path: /home/stud_homes/s0424382/projects/ttlab/uce/biofid-nova-preprocessing/UCE/uce.portal/resources/templates/
2026-06-18 12:29:37.854 [main] INFO  org.texttechnologylab.uce.web.App - Adjusting UCE to the UceConfig...
2026-06-18 12:29:39.334 [main] INFO  org.hibernate.Version - HHH000412: Hibernate ORM core version 1.0-SNAPSHOT
2026-06-18 12:29:39.526 [main] INFO  org.hibernate.spatial.integration.SpatialService - HHH80000001: hibernate-spatial integration enabled : true
2026-06-18 12:29:39.581 [main] INFO  org.hibernate.annotations.common.Version - HCANN000001: Hibernate Commons Annotations {5.1.2.Final}
2026-06-18 12:29:39.704 [main] INFO  org.hibernate.engine.jdbc.connections.internal.ConnectionProviderInitiator - HHH000130: Instantiating explicit connection provider: com.zaxxer.hikari.hibernate.HikariConnectionProvider
2026-06-18 12:29:40.074 [main] INFO  org.hibernate.dialect.Dialect - HHH000400: Using dialect: org.hibernate.dialect.PostgreSQLDialect
2026-06-18 12:29:42.539 [main] INFO  org.hibernate.orm.connections.access - HHH10001501: Connection obtained from JdbcConnectionAccess [org.hibernate.engine.jdbc.env.internal.JdbcEnvironmentInitiator$ConnectionProviderJdbcConnectionAccess@79486f38] for (non-JTA) DDL execution was not in auto-commit mode; the Connection 'local transaction' will be committed and the Connection will be set into auto-commit mode.
2026-06-18 12:29:43.404 [main] INFO  org.texttechnologylab.uce.common.utils.QueryResultCache - Initialized global query cache with maximumSize=5000 entries.
2026-06-18 12:29:43.833 [main] INFO  org.texttechnologylab.uce.web.App - Loaded application context and services.
2026-06-18 12:29:43.833 [main] INFO  org.texttechnologylab.uce.web.App - Initializing the Document Access Manager...
2026-06-18 12:29:43.835 [main] INFO  org.texttechnologylab.uce.web.App - Initializing UCE backend: PostgresqlDataInterface_Impl
2026-06-18 12:29:43.836 [main] INFO  org.texttechnologylab.uce.common.services.PostgresStorageMaintenanceService - No external PostgreSQL storage script path configured; skipping storage script execution.
2026-06-18 12:29:43.845 [main] INFO  org.texttechnologylab.uce.web.App - Cleanup temporary LayeredSearch tables.
2026-06-18 12:29:43.845 [main] INFO  org.texttechnologylab.uce.web.App - Testing the language resources:
2026-06-18 12:29:43.898 [main] INFO  org.texttechnologylab.uce.web.App - Search
2026-06-18 12:29:43.901 [main] INFO  org.texttechnologylab.uce.web.App - Initialized the Session Job.
2026-06-18 12:29:43.901 [Thread-1] INFO  org.texttechnologylab.uce.web.cronjobs.SessionJob - Session CronJob has started.
2026-06-18 12:29:43.903 [main] INFO  org.texttechnologylab.uce.web.App - Initialized the System Job.
2026-06-18 12:29:43.903 [main] INFO  org.texttechnologylab.uce.web.App - Checking if we can or should update the lexicon... (this may take a moment depending on the time of the last update. Runs asynchronous.)
2026-06-18 12:29:43.905 [Thread-2] INFO  org.texttechnologylab.uce.common.cronjobs.SystemJob - System CronJob has started.
2026-06-18 12:29:43.905 [main] INFO  org.texttechnologylab.uce.web.App - Checking if we can or should update any linkables... (this may take a moment depending on the time of the last update. Runs asynchronous.)
2026-06-18 12:29:43.905 [Thread-1] INFO  org.texttechnologylab.uce.web.cronjobs.SessionJob - Session CronJob is still running and starting another cycle: Active Search States: 0 | Cached Wiki Pages: 0
2026-06-18 12:29:43.909 [main] INFO  org.texttechnologylab.uce.web.App - Checking if we can or should update any geoname locations... (this may take a moment depending on the time of the last update. Runs asynchronous.)
2026-06-18 12:29:43.916 [Thread-1] INFO  org.texttechnologylab.uce.web.cronjobs.SessionJob - Session CronJob is done with this cycle. Active Search States: 0 | Active Layered Searches: 0 | Cached Wiki Pages: 0
2026-06-18 12:29:43.991 [ForkJoinPool.commonPool-worker-2] INFO  org.texttechnologylab.uce.web.App - Finished updating the linkables. Updated linkables: 0
2026-06-18 12:29:43.994 [Thread-2] INFO  org.texttechnologylab.uce.common.cronjobs.SystemJob - System CronJob is still running and has finished a cycle.
2026-06-18 12:29:44.019 [main] INFO  org.texttechnologylab.uce.web.App - Setting up the Javalin application...
2026-06-18 12:29:44.023 [ForkJoinPool.commonPool-worker-3] INFO  org.texttechnologylab.uce.web.App - Finished updating the geoname locations. Updated locations: 0
2026-06-18 12:29:44.103 [main] INFO  org.texttechnologylab.uce.web.App - Setup FreeMarker templates and public folders.
2026-06-18 12:29:44.104 [main] INFO  org.texttechnologylab.uce.web.App - Setup FreeMarker templates and public folders.
2026-06-18 12:29:44.104 [main] INFO  org.texttechnologylab.uce.web.App - Initializing all the spark routes...
2026-06-18 12:29:44.198 [main] INFO  org.texttechnologylab.uce.web.App - Routes initialized
2026-06-18 12:29:44.198 [main] INFO  org.texttechnologylab.uce.web.App - MCP server is disabled and will not be initialized.
2026-06-18 12:29:44.295 [main] INFO  org.texttechnologylab.uce.web.App - Javalin application setup done.
2026-06-18 12:29:45.559 [JettyServerThreadPool-57] INFO  org.texttechnologylab.uce.web.App - Received API call: ID=9f746df4-8f99-43cf-ab31-c40d04fac7bf, IP=127.0.0.1, Method=GET, URI=http://127.0.0.1:4577/, QUERY=null, BODY=
2026-06-18 12:29:47.702 [ForkJoinPool.commonPool-worker-1] INFO  org.texttechnologylab.uce.web.App - Finished updating the lexicon. Added new entries: 0
2026-06-18 12:29:54.048 [Thread-2] INFO  org.texttechnologylab.uce.common.cronjobs.SystemJob - System CronJob is still running and has finished a cycle.
2026-06-18 12:30:04.074 [Thread-2] INFO  org.texttechnologylab.uce.common.cronjobs.SystemJob - System CronJob is still running and has finished a cycle.
2026-06-18 12:30:05.759 [JettyServerThreadPool-52] INFO  org.texttechnologylab.uce.web.App - Received API call: ID=a0f1cf1f-a1aa-46c6-9df5-a5be4fdb8326, IP=127.0.0.1, Method=GET, URI=http://localhost:43501/, QUERY=null, BODY=
2026-06-18 12:30:06.094 [JettyServerThreadPool-53] INFO  org.texttechnologylab.uce.web.App - Received API call: ID=8d50d30e-ffb0-4fbe-9cff-62e39f93b46d, IP=127.0.0.1, Method=GET, URI=http://localhost:43501/css/bootstrap/bootstrap.min.css, QUERY=null, BODY=
2026-06-18 12:30:06.118 [JettyServerThreadPool-57] INFO  org.texttechnologylab.uce.web.App - Received API call: ID=833c4e82-7472-4110-9c80-83ad068c6a14, IP=127.0.0.1, Method=GET, URI=http://localhost:43501/css/animate.min.css, QUERY=null, BODY=
2026-06-18 12:30:06.131 [JettyServerThreadPool-51] INFO  org.texttechnologylab.uce.web.App - Received API call: ID=5525d7f9-fdc8-4290-af5b-e64864209d86, IP=127.0.0.1, Method=GET, URI=http://localhost:43501/leaflet/leaflet.css, QUERY=null, BODY=
2026-06-18 12:30:06.147 [JettyServerThreadPool-57] INFO  org.texttechnologylab.uce.web.App - Received API call: ID=79c5eadb-a19a-433d-891c-f9427fe642c5, IP=127.0.0.1, Method=GET, URI=http://localhost:43501/css/tabulator-tables/tabulator.min.css, QUERY=null, BODY=
2026-06-18 12:30:06.161 [JettyServerThreadPool-51] INFO  org.texttechnologylab.uce.web.App - Received API call: ID=ac1c915d-440f-4678-9306-b88cb8cb916d, IP=127.0.0.1, Method=GET, URI=http://localhost:43501/css/Control.Geocoder.css, QUERY=null, BODY=
2026-06-18 12:30:06.180 [JettyServerThreadPool-57] INFO  org.texttechnologylab.uce.web.App - Received API call: ID=152089ab-f0ac-4efb-9af6-901aff3b1f1a, IP=127.0.0.1, Method=GET, URI=http://localhost:43501/js/jquery-3.7.1.min.js, QUERY=null, BODY=
2026-06-18 12:30:06.200 [JettyServerThreadPool-51] INFO  org.texttechnologylab.uce.web.App - Received API call: ID=ab05c46d-d7ca-47a8-afed-6a4e6bee7f46, IP=127.0.0.1, Method=GET, URI=http://localhost:43501/js/tabulator-tables/tabulator.min.js, QUERY=null, BODY=
2026-06-18 12:30:06.219 [JettyServerThreadPool-57] INFO  org.texttechnologylab.uce.web.App - Received API call: ID=eb7f1e63-5fd0-462f-b160-5db418c2ec9c, IP=127.0.0.1, Method=GET, URI=http://localhost:43501/js/xlsx.full.min.js, QUERY=null, BODY=
2026-06-18 12:30:06.234 [JettyServerThreadPool-51] INFO  org.texttechnologylab.uce.web.App - Received API call: ID=4fe15c36-e2b2-4551-aeff-9bc4cbb3cf07, IP=127.0.0.1, Method=GET, URI=http://localhost:43501/js/fontawesome/all.js, QUERY=null, BODY=
2026-06-18 12:30:06.279 [JettyServerThreadPool-55] INFO  org.texttechnologylab.uce.web.App - Received API call: ID=c9e6c6b8-57ae-479d-8150-88d40ddb6258, IP=127.0.0.1, Method=GET, URI=http://localhost:43501/leaflet/leaflet.js, QUERY=null, BODY=
2026-06-18 12:30:06.284 [JettyServerThreadPool-57] INFO  org.texttechnologylab.uce.web.App - Received API call: ID=a9b884f4-0c32-45c8-9b9e-f65bdfa2eff8, IP=127.0.0.1, Method=GET, URI=http://localhost:43501/js/popper.js/umd/popper.min.js, QUERY=null, BODY=
2026-06-18 12:30:06.294 [JettyServerThreadPool-51] INFO  org.texttechnologylab.uce.web.App - Received API call: ID=b80de8f8-87f5-43f2-8e9d-a988c0b1e31d, IP=127.0.0.1, Method=GET, URI=http://localhost:43501/js/bootstrap/bootstrap.min.js, QUERY=null, BODY=
2026-06-18 12:30:06.299 [JettyServerThreadPool-53] INFO  org.texttechnologylab.uce.web.App - Received API call: ID=ed83b8f7-4a19-458a-ad9b-40e8980dc1d1, IP=127.0.0.1, Method=GET, URI=http://localhost:43501/js/utils.js, QUERY=null, BODY=
2026-06-18 12:30:06.310 [JettyServerThreadPool-57] INFO  org.texttechnologylab.uce.web.App - Received API call: ID=4bafe2b0-f77e-4457-b106-4cdff4ea29c3, IP=127.0.0.1, Method=GET, URI=http://localhost:43501/js/visualization/cdns/chartjs-449.js, QUERY=null, BODY=
2026-06-18 12:30:06.315 [JettyServerThreadPool-55] INFO  org.texttechnologylab.uce.web.App - Received API call: ID=280cd703-18a8-4799-9815-0195dcf577ae, IP=127.0.0.1, Method=GET, URI=http://localhost:43501/js/visualization/cdns/d3js-790.js, QUERY=null, BODY=
2026-06-18 12:30:06.327 [JettyServerThreadPool-53] INFO  org.texttechnologylab.uce.web.App - Received API call: ID=f35e2a4c-0d0c-49dc-a3e4-bc7005480d6b, IP=127.0.0.1, Method=GET, URI=http://localhost:43501/js/visualization/cdns/drawflow-last.js, QUERY=null, BODY=
2026-06-18 12:30:06.332 [JettyServerThreadPool-51] INFO  org.texttechnologylab.uce.web.App - Received API call: ID=9e3ed759-5f0a-416b-9ecc-07d527e28226, IP=127.0.0.1, Method=GET, URI=http://localhost:43501/js/Control.Geocoder.js, QUERY=null, BODY=
2026-06-18 12:30:06.343 [JettyServerThreadPool-55] INFO  org.texttechnologylab.uce.web.App - Received API call: ID=83094a86-e032-4e2e-bc12-d38daaeed12f, IP=127.0.0.1, Method=GET, URI=http://localhost:43501/js/visualization/cdns/leaflet-heat.js, QUERY=null, BODY=
2026-06-18 12:30:06.348 [JettyServerThreadPool-57] INFO  org.texttechnologylab.uce.web.App - Received API call: ID=07958f44-e2c0-4e85-b759-8db121b2bee9, IP=127.0.0.1, Method=GET, URI=http://localhost:43501/js/leaflet.markercluster.js, QUERY=null, BODY=
2026-06-18 12:30:06.358 [JettyServerThreadPool-51] INFO  org.texttechnologylab.uce.web.App - Received API call: ID=9eb85903-c0fd-4b84-8f5a-4f549866c942, IP=127.0.0.1, Method=GET, URI=http://localhost:43501/js/marked.min.js, QUERY=null, BODY=
2026-06-18 12:30:06.364 [JettyServerThreadPool-53] INFO  org.texttechnologylab.uce.web.App - Received API call: ID=9a443b9b-8913-4b21-a67a-27ecdc8447da, IP=127.0.0.1, Method=GET, URI=http://localhost:43501/js/md-block.js, QUERY=null, BODY=
2026-06-18 12:30:06.374 [JettyServerThreadPool-57] INFO  org.texttechnologylab.uce.web.App - Received API call: ID=d0eac513-ba10-4de1-9168-424e11da8f26, IP=127.0.0.1, Method=GET, URI=http://localhost:43501/js/gsap.min.js, QUERY=null, BODY=
2026-06-18 12:30:06.379 [JettyServerThreadPool-55] INFO  org.texttechnologylab.uce.web.App - Received API call: ID=afabeed7-ac54-48ee-a5b4-2240cfb52b93, IP=127.0.0.1, Method=GET, URI=http://localhost:43501/js/require.js, QUERY=null, BODY=
2026-06-18 12:30:06.389 [JettyServerThreadPool-53] INFO  org.texttechnologylab.uce.web.App - Received API call: ID=edc72bbc-db00-4a07-bc9d-dd20e3f3c376, IP=127.0.0.1, Method=GET, URI=http://localhost:43501/img/logo.png, QUERY=null, BODY=
2026-06-18 12:30:06.395 [JettyServerThreadPool-51] INFO  org.texttechnologylab.uce.web.App - Received API call: ID=9764c282-e2df-4ec5-a29b-838bdef093dc, IP=127.0.0.1, Method=GET, URI=http://localhost:43501/img/ttlab-logo.png, QUERY=null, BODY=
2026-06-18 12:30:06.545 [JettyServerThreadPool-55] INFO  org.texttechnologylab.uce.web.App - Received API call: ID=f5f59009-16d0-4b3d-8546-1b9163cd88ad, IP=127.0.0.1, Method=GET, URI=http://localhost:43501/js/visualization/uceMap.js, QUERY=null, BODY=
2026-06-18 12:30:06.546 [JettyServerThreadPool-57] INFO  org.texttechnologylab.uce.web.App - Received API call: ID=ec570cf7-6630-4721-aa04-dcf5f2b95848, IP=127.0.0.1, Method=GET, URI=http://localhost:43501/js/visualization/chartjs.js, QUERY=null, BODY=
2026-06-18 12:30:06.559 [JettyServerThreadPool-53] INFO  org.texttechnologylab.uce.web.App - Received API call: ID=58593471-577a-4b8d-8619-61a923a2b052, IP=127.0.0.1, Method=GET, URI=http://localhost:43501/js/visualization/d3js.js, QUERY=null, BODY=
2026-06-18 12:30:06.561 [JettyServerThreadPool-51] INFO  org.texttechnologylab.uce.web.App - Received API call: ID=8fde3ef7-9871-430c-a70e-fba5076cf0c6, IP=127.0.0.1, Method=GET, URI=http://localhost:43501/js/visualization/echarts.js, QUERY=null, BODY=
2026-06-18 12:30:06.573 [JettyServerThreadPool-55] INFO  org.texttechnologylab.uce.web.App - Received API call: ID=f1346c92-583b-4034-a61f-a838081af1bd, IP=127.0.0.1, Method=GET, URI=http://localhost:43501/js/visualization/drawflowjs.js, QUERY=null, BODY=
2026-06-18 12:30:14.100 [Thread-2] INFO  org.texttechnologylab.uce.common.cronjobs.SystemJob - System CronJob is still running and has finished a cycle.
2026-06-18 12:30:24.124 [Thread-2] INFO  org.texttechnologylab.uce.common.cronjobs.SystemJob - System CronJob is still running and has finished a cycle.
2026-06-18 12:30:34.147 [Thread-2] INFO  org.texttechnologylab.uce.common.cronjobs.SystemJob - System CronJob is still running and has finished a cycle.
2026-06-18 12:30:35.021 [JettyServerThreadPool-51] INFO  org.texttechnologylab.uce.web.App - Received API call: ID=42f33158-e3a6-45fd-9035-c3eff4e4c6ef, IP=127.0.0.1, Method=GET, URI=http://localhost:43501/, QUERY=null, BODY=
2026-06-18 12:30:35.291 [JettyServerThreadPool-57] INFO  org.texttechnologylab.uce.web.App - Received API call: ID=cbc7a226-737e-41ae-80a4-6ebcbe4161d7, IP=127.0.0.1, Method=GET, URI=http://localhost:43501/css/bootstrap/bootstrap.min.css, QUERY=null, BODY=
2026-06-18 12:30:35.307 [JettyServerThreadPool-53] INFO  org.texttechnologylab.uce.web.App - Received API call: ID=2ef07a29-8df6-4de8-8266-4f33f2c6e97e, IP=127.0.0.1, Method=GET, URI=http://localhost:43501/css/animate.min.css, QUERY=null, BODY=
2026-06-18 12:30:35.317 [JettyServerThreadPool-57] INFO  org.texttechnologylab.uce.web.App - Received API call: ID=ffe94a06-eff1-4217-b11e-2880b1f2dae1, IP=127.0.0.1, Method=GET, URI=http://localhost:43501/leaflet/leaflet.css, QUERY=null, BODY=
2026-06-18 12:30:35.326 [JettyServerThreadPool-53] INFO  org.texttechnologylab.uce.web.App - Received API call: ID=ef18c7be-d3a4-4974-8f91-02b6814f51c0, IP=127.0.0.1, Method=GET, URI=http://localhost:43501/css/tabulator-tables/tabulator.min.css, QUERY=null, BODY=
2026-06-18 12:30:35.338 [JettyServerThreadPool-57] INFO  org.texttechnologylab.uce.web.App - Received API call: ID=0d15cc91-d0ad-4d2a-9830-79a8fa08f991, IP=127.0.0.1, Method=GET, URI=http://localhost:43501/css/Control.Geocoder.css, QUERY=null, BODY=
2026-06-18 12:30:35.349 [JettyServerThreadPool-53] INFO  org.texttechnologylab.uce.web.App - Received API call: ID=15e8a07d-5056-4f7b-ae54-88a00b1d3697, IP=127.0.0.1, Method=GET, URI=http://localhost:43501/js/jquery-3.7.1.min.js, QUERY=null, BODY=
2026-06-18 12:30:35.359 [JettyServerThreadPool-57] INFO  org.texttechnologylab.uce.web.App - Received API call: ID=4c1e3829-f4cf-447b-95be-73b6b5bafe57, IP=127.0.0.1, Method=GET, URI=http://localhost:43501/js/tabulator-tables/tabulator.min.js, QUERY=null, BODY=
2026-06-18 12:30:35.369 [JettyServerThreadPool-53] INFO  org.texttechnologylab.uce.web.App - Received API call: ID=53b277ea-c32f-4845-9961-fe8b8f92ee59, IP=127.0.0.1, Method=GET, URI=http://localhost:43501/js/xlsx.full.min.js, QUERY=null, BODY=
2026-06-18 12:30:35.380 [JettyServerThreadPool-57] INFO  org.texttechnologylab.uce.web.App - Received API call: ID=90536cc2-26e0-4d29-9738-ff9a254a2892, IP=127.0.0.1, Method=GET, URI=http://localhost:43501/js/fontawesome/all.js, QUERY=null, BODY=
2026-06-18 12:30:35.391 [JettyServerThreadPool-53] INFO  org.texttechnologylab.uce.web.App - Received API call: ID=bd86bf60-7ac8-4601-b23e-01bf9f42dd63, IP=127.0.0.1, Method=GET, URI=http://localhost:43501/leaflet/leaflet.js, QUERY=null, BODY=
2026-06-18 12:30:35.404 [JettyServerThreadPool-57] INFO  org.texttechnologylab.uce.web.App - Received API call: ID=e9dbd65b-d2e9-4afd-92f1-d00aebdfeb99, IP=127.0.0.1, Method=GET, URI=http://localhost:43501/js/popper.js/umd/popper.min.js, QUERY=null, BODY=
2026-06-18 12:30:35.416 [JettyServerThreadPool-53] INFO  org.texttechnologylab.uce.web.App - Received API call: ID=898ddfb9-a64f-4e8d-b18c-ea03bd280c68, IP=127.0.0.1, Method=GET, URI=http://localhost:43501/js/bootstrap/bootstrap.min.js, QUERY=null, BODY=
2026-06-18 12:30:35.427 [JettyServerThreadPool-57] INFO  org.texttechnologylab.uce.web.App - Received API call: ID=6c44d46b-ca20-43a1-96a5-8be5cc7e290c, IP=127.0.0.1, Method=GET, URI=http://localhost:43501/js/utils.js, QUERY=null, BODY=
2026-06-18 12:30:35.438 [JettyServerThreadPool-53] INFO  org.texttechnologylab.uce.web.App - Received API call: ID=f882da56-a3df-42a2-bbb2-94e7b0b846a4, IP=127.0.0.1, Method=GET, URI=http://localhost:43501/js/visualization/cdns/chartjs-449.js, QUERY=null, BODY=
2026-06-18 12:30:35.450 [JettyServerThreadPool-57] INFO  org.texttechnologylab.uce.web.App - Received API call: ID=b225a847-65cb-44ff-90ae-046d6075a392, IP=127.0.0.1, Method=GET, URI=http://localhost:43501/js/visualization/cdns/d3js-790.js, QUERY=null, BODY=
2026-06-18 12:30:35.461 [JettyServerThreadPool-53] INFO  org.texttechnologylab.uce.web.App - Received API call: ID=f5278ea6-84bf-4614-8841-92c08a1d9aef, IP=127.0.0.1, Method=GET, URI=http://localhost:43501/js/visualization/cdns/drawflow-last.js, QUERY=null, BODY=
2026-06-18 12:30:35.475 [JettyServerThreadPool-57] INFO  org.texttechnologylab.uce.web.App - Received API call: ID=57307b0f-0033-4025-8054-9cbdb10b095f, IP=127.0.0.1, Method=GET, URI=http://localhost:43501/js/Control.Geocoder.js, QUERY=null, BODY=
2026-06-18 12:30:35.554 [JettyServerThreadPool-53] INFO  org.texttechnologylab.uce.web.App - Received API call: ID=4af8927a-e36a-4bb2-b853-161390338445, IP=127.0.0.1, Method=GET, URI=http://localhost:43501/js/visualization/cdns/leaflet-heat.js, QUERY=null, BODY=
2026-06-18 12:30:35.557 [JettyServerThreadPool-55] INFO  org.texttechnologylab.uce.web.App - Received API call: ID=e573d944-41b1-443b-b527-1efdffecc05c, IP=127.0.0.1, Method=GET, URI=http://localhost:43501/js/leaflet.markercluster.js, QUERY=null, BODY=
2026-06-18 12:30:35.575 [JettyServerThreadPool-57] INFO  org.texttechnologylab.uce.web.App - Received API call: ID=60afa772-4182-4b7c-9bd9-4bb8fba7045f, IP=127.0.0.1, Method=GET, URI=http://localhost:43501/js/md-block.js, QUERY=null, BODY=
2026-06-18 12:30:35.575 [JettyServerThreadPool-51] INFO  org.texttechnologylab.uce.web.App - Received API call: ID=dd184714-8021-4f88-a01c-384f3028fd1a, IP=127.0.0.1, Method=GET, URI=http://localhost:43501/js/marked.min.js, QUERY=null, BODY=
2026-06-18 12:30:35.588 [JettyServerThreadPool-53] INFO  org.texttechnologylab.uce.web.App - Received API call: ID=1a7ccbcf-6bb3-4cb8-9b4e-354c3fe42150, IP=127.0.0.1, Method=GET, URI=http://localhost:43501/js/gsap.min.js, QUERY=null, BODY=
2026-06-18 12:30:35.591 [JettyServerThreadPool-55] INFO  org.texttechnologylab.uce.web.App - Received API call: ID=f3afbe03-796c-4a2a-a85b-623b752b3099, IP=127.0.0.1, Method=GET, URI=http://localhost:43501/js/require.js, QUERY=null, BODY=
2026-06-18 12:30:35.620 [JettyServerThreadPool-57] INFO  org.texttechnologylab.uce.web.App - Received API call: ID=bce1b107-9436-4b05-911b-a7e14df679a7, IP=127.0.0.1, Method=GET, URI=http://localhost:43501/img/logo.png, QUERY=null, BODY=
2026-06-18 12:30:35.622 [JettyServerThreadPool-51] INFO  org.texttechnologylab.uce.web.App - Received API call: ID=b83e1eec-f729-4727-9093-9a5f38a355d9, IP=127.0.0.1, Method=GET, URI=http://localhost:43501/img/ttlab-logo.png, QUERY=null, BODY=
2026-06-18 12:30:35.734 [JettyServerThreadPool-55] INFO  org.texttechnologylab.uce.web.App - Received API call: ID=a781cc70-b0bc-4d16-8f8e-2d8fda6ce543, IP=127.0.0.1, Method=GET, URI=http://localhost:43501/js/visualization/uceMap.js, QUERY=null, BODY=
2026-06-18 12:30:35.735 [JettyServerThreadPool-53] INFO  org.texttechnologylab.uce.web.App - Received API call: ID=a95ddb82-ee65-42c4-ad42-d04bc7b30743, IP=127.0.0.1, Method=GET, URI=http://localhost:43501/js/visualization/chartjs.js, QUERY=null, BODY=
2026-06-18 12:30:35.779 [JettyServerThreadPool-51] INFO  org.texttechnologylab.uce.web.App - Received API call: ID=ee57c81f-5ccc-4d52-a01d-ec9d40cfcace, IP=127.0.0.1, Method=GET, URI=http://localhost:43501/js/visualization/d3js.js, QUERY=null, BODY=
2026-06-18 12:30:35.811 [JettyServerThreadPool-57] INFO  org.texttechnologylab.uce.web.App - Received API call: ID=e7133b0a-4a68-4a15-a5aa-87ad9794ca4a, IP=127.0.0.1, Method=GET, URI=http://localhost:43501/js/visualization/echarts.js, QUERY=null, BODY=
2026-06-18 12:30:35.827 [JettyServerThreadPool-53] INFO  org.texttechnologylab.uce.web.App - Received API call: ID=41fc8fb7-f1ea-4b89-aaa2-e185bcfcce1f, IP=127.0.0.1, Method=GET, URI=http://localhost:43501/js/visualization/drawflowjs.js, QUERY=null, BODY=
2026-06-18 12:30:44.172 [Thread-2] INFO  org.texttechnologylab.uce.common.cronjobs.SystemJob - System CronJob is still running and has finished a cycle.
2026-06-18 12:30:54.203 [Thread-2] INFO  org.texttechnologylab.uce.common.cronjobs.SystemJob - System CronJob is still running and has finished a cycle.
2026-06-18 12:31:03.756 [JettyServerThreadPool-50] INFO  org.texttechnologylab.uce.web.App - Received API call: ID=0b040e58-be56-4d24-a798-5fda757c57f5, IP=127.0.0.1, Method=GET, URI=http://127.0.0.1:4577/, QUERY=null, BODY=
2026-06-18 12:31:04.228 [Thread-2] INFO  org.texttechnologylab.uce.common.cronjobs.SystemJob - System CronJob is still running and has finished a cycle.
2026-06-18 12:31:05.509 [JettyServerThreadPool-56] INFO  org.texttechnologylab.uce.web.App - Received API call: ID=331ad31f-da14-4ca1-b1b6-07ff51e427f8, IP=127.0.0.1, Method=GET, URI=http://localhost:33419/, QUERY=null, BODY=
2026-06-18 12:31:05.822 [JettyServerThreadPool-51] INFO  org.texttechnologylab.uce.web.App - Received API call: ID=9be9f959-1d33-481d-a908-6b10ced2fd60, IP=127.0.0.1, Method=GET, URI=http://localhost:33419/css/tabulator-tables/tabulator.min.css, QUERY=null, BODY=
2026-06-18 12:31:05.835 [JettyServerThreadPool-52] INFO  org.texttechnologylab.uce.web.App - Received API call: ID=5005d182-5289-4f65-b0df-346b060a96d3, IP=127.0.0.1, Method=GET, URI=http://localhost:33419/js/jquery-3.7.1.min.js, QUERY=null, BODY=
2026-06-18 12:31:05.844 [JettyServerThreadPool-51] INFO  org.texttechnologylab.uce.web.App - Received API call: ID=7d2f3966-0b40-45d8-84a3-659f62710f3d, IP=127.0.0.1, Method=GET, URI=http://localhost:33419/js/tabulator-tables/tabulator.min.js, QUERY=null, BODY=
2026-06-18 12:31:05.848 [JettyServerThreadPool-53] INFO  org.texttechnologylab.uce.web.App - Received API call: ID=346cdfcc-01a1-43d1-a3e4-4c6c582d722f, IP=127.0.0.1, Method=GET, URI=http://localhost:33419/css/animate.min.css, QUERY=null, BODY=
2026-06-18 12:31:05.848 [JettyServerThreadPool-69] INFO  org.texttechnologylab.uce.web.App - Received API call: ID=5f2e4b5c-2255-4dd4-8f83-1bde4e29bde2, IP=127.0.0.1, Method=GET, URI=http://localhost:33419/css/bootstrap/bootstrap.min.css, QUERY=null, BODY=
2026-06-18 12:31:05.849 [JettyServerThreadPool-73] INFO  org.texttechnologylab.uce.web.App - Received API call: ID=92ba7030-f2dd-4021-85e0-8c61b1d9108f, IP=127.0.0.1, Method=GET, URI=http://localhost:33419/leaflet/leaflet.css, QUERY=null, BODY=
2026-06-18 12:31:05.861 [JettyServerThreadPool-52] INFO  org.texttechnologylab.uce.web.App - Received API call: ID=41776ad4-7078-4b49-ace6-55ecbcd12884, IP=127.0.0.1, Method=GET, URI=http://localhost:33419/css/Control.Geocoder.css, QUERY=null, BODY=
2026-06-18 12:31:05.866 [JettyServerThreadPool-57] INFO  org.texttechnologylab.uce.web.App - Received API call: ID=1b976219-69d1-4958-8923-fad3a58a4c06, IP=127.0.0.1, Method=GET, URI=http://localhost:33419/js/popper.js/umd/popper.min.js, QUERY=null, BODY=
2026-06-18 12:31:05.871 [JettyServerThreadPool-55] INFO  org.texttechnologylab.uce.web.App - Received API call: ID=b77ac575-de00-4329-933b-22eb73f3dacf, IP=127.0.0.1, Method=GET, URI=http://localhost:33419/leaflet/leaflet.js, QUERY=null, BODY=
2026-06-18 12:31:05.874 [JettyServerThreadPool-50] INFO  org.texttechnologylab.uce.web.App - Received API call: ID=561b5e81-0f23-4683-9b09-6305214ebf96, IP=127.0.0.1, Method=GET, URI=http://localhost:33419/js/fontawesome/all.js, QUERY=null, BODY=
2026-06-18 12:31:05.877 [JettyServerThreadPool-69] INFO  org.texttechnologylab.uce.web.App - Received API call: ID=528c5bf7-3cb7-4958-8ea1-7a6c8d8d7de1, IP=127.0.0.1, Method=GET, URI=http://localhost:33419/js/xlsx.full.min.js, QUERY=null, BODY=
2026-06-18 12:31:05.899 [JettyServerThreadPool-51] INFO  org.texttechnologylab.uce.web.App - Received API call: ID=ef093e93-2f3b-4c17-899a-be0e95b2ea8f, IP=127.0.0.1, Method=GET, URI=http://localhost:33419/js/utils.js, QUERY=null, BODY=
2026-06-18 12:31:05.899 [JettyServerThreadPool-71] INFO  org.texttechnologylab.uce.web.App - Received API call: ID=9d8ff0c9-2b3f-4896-bb57-d0287a2d81f9, IP=127.0.0.1, Method=GET, URI=http://localhost:33419/js/bootstrap/bootstrap.min.js, QUERY=null, BODY=
2026-06-18 12:31:05.925 [JettyServerThreadPool-53] INFO  org.texttechnologylab.uce.web.App - Received API call: ID=ceecdfc5-75dd-47b0-afa0-e9e37ba414a3, IP=127.0.0.1, Method=GET, URI=http://localhost:33419/js/visualization/cdns/d3js-790.js, QUERY=null, BODY=
2026-06-18 12:31:05.926 [JettyServerThreadPool-71] INFO  org.texttechnologylab.uce.web.App - Received API call: ID=e26fa2b0-9fa6-460f-bf09-482bd6bffbc7, IP=127.0.0.1, Method=GET, URI=http://localhost:33419/js/visualization/cdns/leaflet-heat.js, QUERY=null, BODY=
2026-06-18 12:31:05.926 [JettyServerThreadPool-72] INFO  org.texttechnologylab.uce.web.App - Received API call: ID=578bb584-5ffd-4bc7-8ace-8be119363c5b, IP=127.0.0.1, Method=GET, URI=http://localhost:33419/js/visualization/cdns/drawflow-last.js, QUERY=null, BODY=
2026-06-18 12:31:05.928 [JettyServerThreadPool-50] INFO  org.texttechnologylab.uce.web.App - Received API call: ID=3f4cc323-41d9-48a4-bdea-b52b740a04d9, IP=127.0.0.1, Method=GET, URI=http://localhost:33419/js/visualization/cdns/chartjs-449.js, QUERY=null, BODY=
2026-06-18 12:31:05.929 [JettyServerThreadPool-69] INFO  org.texttechnologylab.uce.web.App - Received API call: ID=629462d1-a97f-480f-8f5a-bc486cfd9f64, IP=127.0.0.1, Method=GET, URI=http://localhost:33419/js/Control.Geocoder.js, QUERY=null, BODY=
2026-06-18 12:31:05.944 [JettyServerThreadPool-51] INFO  org.texttechnologylab.uce.web.App - Received API call: ID=fc23cfdb-1574-4f3b-a187-0f1b0f804dce, IP=127.0.0.1, Method=GET, URI=http://localhost:33419/js/leaflet.markercluster.js, QUERY=null, BODY=
2026-06-18 12:31:05.944 [JettyServerThreadPool-72] INFO  org.texttechnologylab.uce.web.App - Received API call: ID=63e4fce7-61b6-4d0b-bbcf-5ed4481f3503, IP=127.0.0.1, Method=GET, URI=http://localhost:33419/js/gsap.min.js, QUERY=null, BODY=
2026-06-18 12:31:05.945 [JettyServerThreadPool-55] INFO  org.texttechnologylab.uce.web.App - Received API call: ID=d1f0bd14-947d-4f4e-b8a8-147fa3e46dab, IP=127.0.0.1, Method=GET, URI=http://localhost:33419/js/marked.min.js, QUERY=null, BODY=
2026-06-18 12:31:05.945 [JettyServerThreadPool-52] INFO  org.texttechnologylab.uce.web.App - Received API call: ID=71c0de52-0741-4164-899e-8690a4b9d9b5, IP=127.0.0.1, Method=GET, URI=http://localhost:33419/js/md-block.js, QUERY=null, BODY=
2026-06-18 12:31:05.945 [JettyServerThreadPool-57] INFO  org.texttechnologylab.uce.web.App - Received API call: ID=d9c68338-5621-48dc-a117-c66e3a0f0c3b, IP=127.0.0.1, Method=GET, URI=http://localhost:33419/js/require.js, QUERY=null, BODY=
2026-06-18 12:31:06.051 [JettyServerThreadPool-71] INFO  org.texttechnologylab.uce.web.App - Received API call: ID=ea01a835-570c-4a5b-9034-9cc479601d80, IP=127.0.0.1, Method=GET, URI=http://localhost:33419/img/logo.png, QUERY=null, BODY=
2026-06-18 12:31:06.051 [JettyServerThreadPool-53] INFO  org.texttechnologylab.uce.web.App - Received API call: ID=5fbd1960-d654-43a7-8d2c-64db34eac864, IP=127.0.0.1, Method=GET, URI=http://localhost:33419/img/ttlab-logo.png, QUERY=null, BODY=
2026-06-18 12:31:06.071 [JettyServerThreadPool-53] INFO  org.texttechnologylab.uce.web.App - Received API call: ID=70ea4f1a-ddee-4644-8366-e52cf861319d, IP=127.0.0.1, Method=GET, URI=http://localhost:33419/js/visualization/d3js.js, QUERY=null, BODY=
2026-06-18 12:31:06.071 [JettyServerThreadPool-71] INFO  org.texttechnologylab.uce.web.App - Received API call: ID=dcbdbc56-25b1-4504-98e4-b87c7c98dfe8, IP=127.0.0.1, Method=GET, URI=http://localhost:33419/js/visualization/chartjs.js, QUERY=null, BODY=
2026-06-18 12:31:06.072 [JettyServerThreadPool-69] INFO  org.texttechnologylab.uce.web.App - Received API call: ID=4149811a-8257-4e7a-800f-937c4bae55e2, IP=127.0.0.1, Method=GET, URI=http://localhost:33419/js/visualization/echarts.js, QUERY=null, BODY=
2026-06-18 12:31:06.072 [JettyServerThreadPool-56] INFO  org.texttechnologylab.uce.web.App - Received API call: ID=95c29e6d-7c73-4c56-b35a-16226e2e87d1, IP=127.0.0.1, Method=GET, URI=http://localhost:33419/js/visualization/uceMap.js, QUERY=null, BODY=
2026-06-18 12:31:06.072 [JettyServerThreadPool-52] INFO  org.texttechnologylab.uce.web.App - Received API call: ID=ff5044be-ed71-4652-9bd7-1e5a85a131f2, IP=127.0.0.1, Method=GET, URI=http://localhost:33419/js/visualization/drawflowjs.js, QUERY=null, BODY=
2026-06-18 12:31:06.094 [JettyServerThreadPool-72] INFO  org.texttechnologylab.uce.web.App - Received API call: ID=2c22cc8b-16f7-47ef-8859-762394ca45a3, IP=127.0.0.1, Method=GET, URI=http://localhost:33419/favicon.ico, QUERY=null, BODY=
2026-06-18 12:31:14.253 [Thread-2] INFO  org.texttechnologylab.uce.common.cronjobs.SystemJob - System CronJob is still running and has finished a cycle.
2026-06-18 12:31:24.277 [Thread-2] INFO  org.texttechnologylab.uce.common.cronjobs.SystemJob - System CronJob is still running and has finished a cycle.
2026-06-18 12:31:29.630 [JettyServerThreadPool-50] INFO  org.texttechnologylab.uce.web.App - Received API call: ID=92bc9ee8-ef8b-4abe-b77a-a8533a323de1, IP=127.0.0.1, Method=GET, URI=http://127.0.0.1:4577/, QUERY=null, BODY=
2026-06-18 12:31:29.668 [JettyServerThreadPool-57] INFO  org.texttechnologylab.uce.web.App - Received API call: ID=5f19f2b6-22f5-4e9c-92c8-f3cb00f1ea05, IP=127.0.0.1, Method=GET, URI=http://127.0.0.1:4577/, QUERY=view=duaviz, BODY=
2026-06-18 12:31:29.705 [JettyServerThreadPool-55] INFO  org.texttechnologylab.uce.web.App - Received API call: ID=bac4422a-c10b-4235-82a6-8c7d67947940, IP=127.0.0.1, Method=GET, URI=http://127.0.0.1:4577/, QUERY=null, BODY=
2026-06-18 12:31:34.304 [Thread-2] INFO  org.texttechnologylab.uce.common.cronjobs.SystemJob - System CronJob is still running and has finished a cycle.
2026-06-18 12:31:44.962 [main] INFO  org.texttechnologylab.uce.web.App - Starting the UCE web service...
2026-06-18 12:31:44.971 [main] INFO  org.texttechnologylab.uce.web.App - Passed in command line args: -cf ../uce.common/src/main/resources/defaultUceConfig.json
2026-06-18 12:31:44.971 [main] INFO  org.texttechnologylab.uce.web.App - Parsing the UCE config...
2026-06-18 12:31:45.043 [main] INFO  org.texttechnologylab.uce.web.App - Read UCE Config from path: ../uce.common/src/main/resources/defaultUceConfig.json
2026-06-18 12:31:45.044 [main] INFO  org.texttechnologylab.uce.web.App - UCE Config read and instantiated.
2026-06-18 12:31:45.060 [main] INFO  org.texttechnologylab.uce.web.App - Loaded the common config.
2026-06-18 12:31:45.062 [main] INFO  org.texttechnologylab.uce.web.App - Language resources templates override path: /home/stud_homes/s0424382/projects/ttlab/uce/biofid-nova-preprocessing/UCE/uce.portal/resources/templates/
2026-06-18 12:31:45.062 [main] INFO  org.texttechnologylab.uce.web.App - Adjusting UCE to the UceConfig...
2026-06-18 12:31:46.607 [main] INFO  org.hibernate.Version - HHH000412: Hibernate ORM core version 1.0-SNAPSHOT
2026-06-18 12:31:46.803 [main] INFO  org.hibernate.spatial.integration.SpatialService - HHH80000001: hibernate-spatial integration enabled : true
2026-06-18 12:31:46.853 [main] INFO  org.hibernate.annotations.common.Version - HCANN000001: Hibernate Commons Annotations {5.1.2.Final}
2026-06-18 12:31:46.976 [main] INFO  org.hibernate.engine.jdbc.connections.internal.ConnectionProviderInitiator - HHH000130: Instantiating explicit connection provider: com.zaxxer.hikari.hibernate.HikariConnectionProvider
2026-06-18 12:31:47.287 [main] INFO  org.hibernate.dialect.Dialect - HHH000400: Using dialect: org.hibernate.dialect.PostgreSQLDialect
2026-06-18 12:31:50.402 [main] INFO  org.hibernate.orm.connections.access - HHH10001501: Connection obtained from JdbcConnectionAccess [org.hibernate.engine.jdbc.env.internal.JdbcEnvironmentInitiator$ConnectionProviderJdbcConnectionAccess@79486f38] for (non-JTA) DDL execution was not in auto-commit mode; the Connection 'local transaction' will be committed and the Connection will be set into auto-commit mode.
2026-06-18 12:31:51.290 [main] INFO  org.texttechnologylab.uce.common.utils.QueryResultCache - Initialized global query cache with maximumSize=5000 entries.
2026-06-18 12:31:51.630 [main] INFO  org.texttechnologylab.uce.web.App - Loaded application context and services.
2026-06-18 12:31:51.631 [main] INFO  org.texttechnologylab.uce.web.App - Initializing the Document Access Manager...
2026-06-18 12:31:51.632 [main] INFO  org.texttechnologylab.uce.web.App - Initializing UCE backend: PostgresqlDataInterface_Impl
2026-06-18 12:31:51.634 [main] INFO  org.texttechnologylab.uce.common.services.PostgresStorageMaintenanceService - No external PostgreSQL storage script path configured; skipping storage script execution.
2026-06-18 12:31:51.643 [main] INFO  org.texttechnologylab.uce.web.App - Cleanup temporary LayeredSearch tables.
2026-06-18 12:31:51.643 [main] INFO  org.texttechnologylab.uce.web.App - Testing the language resources:
2026-06-18 12:31:51.689 [main] INFO  org.texttechnologylab.uce.web.App - Search
2026-06-18 12:31:51.691 [main] INFO  org.texttechnologylab.uce.web.App - Initialized the Session Job.
2026-06-18 12:31:51.691 [Thread-1] INFO  org.texttechnologylab.uce.web.cronjobs.SessionJob - Session CronJob has started.
2026-06-18 12:31:51.693 [main] INFO  org.texttechnologylab.uce.web.App - Initialized the System Job.
2026-06-18 12:31:51.693 [main] INFO  org.texttechnologylab.uce.web.App - Checking if we can or should update the lexicon... (this may take a moment depending on the time of the last update. Runs asynchronous.)
2026-06-18 12:31:51.695 [Thread-2] INFO  org.texttechnologylab.uce.common.cronjobs.SystemJob - System CronJob has started.
2026-06-18 12:31:51.695 [main] INFO  org.texttechnologylab.uce.web.App - Checking if we can or should update any linkables... (this may take a moment depending on the time of the last update. Runs asynchronous.)
2026-06-18 12:31:51.696 [Thread-1] INFO  org.texttechnologylab.uce.web.cronjobs.SessionJob - Session CronJob is still running and starting another cycle: Active Search States: 0 | Cached Wiki Pages: 0
2026-06-18 12:31:51.701 [main] INFO  org.texttechnologylab.uce.web.App - Checking if we can or should update any geoname locations... (this may take a moment depending on the time of the last update. Runs asynchronous.)
2026-06-18 12:31:51.701 [Thread-1] INFO  org.texttechnologylab.uce.web.cronjobs.SessionJob - Session CronJob is done with this cycle. Active Search States: 0 | Active Layered Searches: 0 | Cached Wiki Pages: 0
2026-06-18 12:31:51.784 [Thread-2] INFO  org.texttechnologylab.uce.common.cronjobs.SystemJob - System CronJob is still running and has finished a cycle.
2026-06-18 12:31:51.799 [ForkJoinPool.commonPool-worker-3] INFO  org.texttechnologylab.uce.web.App - Finished updating the geoname locations. Updated locations: 0
2026-06-18 12:31:51.802 [main] INFO  org.texttechnologylab.uce.web.App - Setting up the Javalin application...
2026-06-18 12:31:51.810 [ForkJoinPool.commonPool-worker-2] INFO  org.texttechnologylab.uce.web.App - Finished updating the linkables. Updated linkables: 0
2026-06-18 12:31:51.848 [main] INFO  org.texttechnologylab.uce.web.App - Setup FreeMarker templates and public folders.
2026-06-18 12:31:51.849 [main] INFO  org.texttechnologylab.uce.web.App - Setup FreeMarker templates and public folders.
2026-06-18 12:31:51.849 [main] INFO  org.texttechnologylab.uce.web.App - Initializing all the spark routes...
2026-06-18 12:31:51.923 [main] INFO  org.texttechnologylab.uce.web.App - Routes initialized
2026-06-18 12:31:51.923 [main] INFO  org.texttechnologylab.uce.web.App - MCP server is disabled and will not be initialized.
2026-06-18 12:31:51.976 [main] INFO  org.texttechnologylab.uce.web.App - Javalin application setup done.
2026-06-18 12:31:52.327 [main] INFO  org.texttechnologylab.uce.web.App - UCE web service has started!
2026-06-18 12:31:53.148 [JettyServerThreadPool-57] INFO  org.texttechnologylab.uce.web.App - Received API call: ID=484a6d0c-4d3e-4c1f-b4f5-6025ce270a8a, IP=127.0.0.1, Method=GET, URI=http://127.0.0.1:4577/, QUERY=null, BODY=
2026-06-18 12:31:55.511 [ForkJoinPool.commonPool-worker-1] INFO  org.texttechnologylab.uce.web.App - Finished updating the lexicon. Added new entries: 0
2026-06-18 12:32:00.522 [JettyServerThreadPool-52] INFO  org.texttechnologylab.uce.web.App - Received API call: ID=db9aee5d-64f7-48e9-a43a-b3c430b3ec56, IP=127.0.0.1, Method=GET, URI=http://localhost:33419/, QUERY=null, BODY=
2026-06-18 12:32:00.896 [JettyServerThreadPool-50] INFO  org.texttechnologylab.uce.web.App - Received API call: ID=710265dc-3200-4e15-9286-57e45e3014bd, IP=127.0.0.1, Method=GET, URI=http://localhost:33419/css/animate.min.css, QUERY=null, BODY=
2026-06-18 12:32:00.896 [JettyServerThreadPool-63] INFO  org.texttechnologylab.uce.web.App - Received API call: ID=4a264bf1-a601-4ddf-a4b4-fb37ee688499, IP=127.0.0.1, Method=GET, URI=http://localhost:33419/leaflet/leaflet.css, QUERY=null, BODY=
2026-06-18 12:32:00.898 [JettyServerThreadPool-62] INFO  org.texttechnologylab.uce.web.App - Received API call: ID=e25f15dc-c8c9-480b-a680-271124ecefe9, IP=127.0.0.1, Method=GET, URI=http://localhost:33419/css/bootstrap/bootstrap.min.css, QUERY=null, BODY=
2026-06-18 12:32:00.915 [JettyServerThreadPool-55] INFO  org.texttechnologylab.uce.web.App - Received API call: ID=b3fe375f-732d-44b7-94d9-55f8328e932d, IP=127.0.0.1, Method=GET, URI=http://localhost:33419/css/tabulator-tables/tabulator.min.css, QUERY=null, BODY=
2026-06-18 12:32:00.924 [JettyServerThreadPool-54] INFO  org.texttechnologylab.uce.web.App - Received API call: ID=6ed0fe49-b50a-48c1-b83f-063cfc973566, IP=127.0.0.1, Method=GET, URI=http://localhost:33419/css/Control.Geocoder.css, QUERY=null, BODY=
2026-06-18 12:32:00.945 [JettyServerThreadPool-56] INFO  org.texttechnologylab.uce.web.App - Received API call: ID=3001ef5d-f500-4334-b61a-ae2a667808c5, IP=127.0.0.1, Method=GET, URI=http://localhost:33419/js/jquery-3.7.1.min.js, QUERY=null, BODY=
2026-06-18 12:32:00.956 [JettyServerThreadPool-57] INFO  org.texttechnologylab.uce.web.App - Received API call: ID=9ea9a3d6-82ff-4f20-b1d8-e81001443422, IP=127.0.0.1, Method=GET, URI=http://localhost:33419/js/tabulator-tables/tabulator.min.js, QUERY=null, BODY=
2026-06-18 12:32:00.961 [JettyServerThreadPool-55] INFO  org.texttechnologylab.uce.web.App - Received API call: ID=23555e79-4bf7-438c-b77e-e3628f3383b1, IP=127.0.0.1, Method=GET, URI=http://localhost:33419/js/xlsx.full.min.js, QUERY=null, BODY=
2026-06-18 12:32:00.971 [JettyServerThreadPool-63] INFO  org.texttechnologylab.uce.web.App - Received API call: ID=dfe40637-a46b-405c-b7b4-2aa305ec5f7e, IP=127.0.0.1, Method=GET, URI=http://localhost:33419/js/fontawesome/all.js, QUERY=null, BODY=
2026-06-18 12:32:00.971 [JettyServerThreadPool-65] INFO  org.texttechnologylab.uce.web.App - Received API call: ID=d1f77897-6107-41e1-b2e8-8886acc5de96, IP=127.0.0.1, Method=GET, URI=http://localhost:33419/leaflet/leaflet.js, QUERY=null, BODY=
2026-06-18 12:32:00.996 [JettyServerThreadPool-64] INFO  org.texttechnologylab.uce.web.App - Received API call: ID=ba77c9f4-c3ac-48c9-a3ce-56b44ad879b5, IP=127.0.0.1, Method=GET, URI=http://localhost:33419/js/popper.js/umd/popper.min.js, QUERY=null, BODY=
2026-06-18 12:32:01.023 [JettyServerThreadPool-61] INFO  org.texttechnologylab.uce.web.App - Received API call: ID=84da668a-597e-436a-8c83-3cd0417b0783, IP=127.0.0.1, Method=GET, URI=http://localhost:33419/js/bootstrap/bootstrap.min.js, QUERY=null, BODY=
2026-06-18 12:32:01.033 [JettyServerThreadPool-56] INFO  org.texttechnologylab.uce.web.App - Received API call: ID=13822f19-d644-414e-9b19-2a40f6f64780, IP=127.0.0.1, Method=GET, URI=http://localhost:33419/js/utils.js, QUERY=null, BODY=
2026-06-18 12:32:01.042 [JettyServerThreadPool-54] INFO  org.texttechnologylab.uce.web.App - Received API call: ID=bbeea9ca-926f-405a-8934-fa8d52850034, IP=127.0.0.1, Method=GET, URI=http://localhost:33419/js/visualization/cdns/chartjs-449.js, QUERY=null, BODY=
2026-06-18 12:32:01.070 [JettyServerThreadPool-62] INFO  org.texttechnologylab.uce.web.App - Received API call: ID=6323391e-8ab3-49e6-bdc3-6a39534ecdf9, IP=127.0.0.1, Method=GET, URI=http://localhost:33419/js/visualization/cdns/d3js-790.js, QUERY=null, BODY=
2026-06-18 12:32:01.071 [JettyServerThreadPool-64] INFO  org.texttechnologylab.uce.web.App - Received API call: ID=07832c75-a6ae-47ab-a1a4-37ec9f1eaad9, IP=127.0.0.1, Method=GET, URI=http://localhost:33419/js/visualization/cdns/drawflow-last.js, QUERY=null, BODY=
2026-06-18 12:32:01.099 [JettyServerThreadPool-61] INFO  org.texttechnologylab.uce.web.App - Received API call: ID=d384fe49-6409-4c9a-9fc5-a16bc05df3d0, IP=127.0.0.1, Method=GET, URI=http://localhost:33419/js/Control.Geocoder.js, QUERY=null, BODY=
2026-06-18 12:32:01.101 [JettyServerThreadPool-64] INFO  org.texttechnologylab.uce.web.App - Received API call: ID=f67635c7-3740-40da-9ec7-83d5fe2e0202, IP=127.0.0.1, Method=GET, URI=http://localhost:33419/js/visualization/cdns/leaflet-heat.js, QUERY=null, BODY=
2026-06-18 12:32:01.116 [JettyServerThreadPool-55] INFO  org.texttechnologylab.uce.web.App - Received API call: ID=58ef8994-5bf8-4878-a410-50e066a60b17, IP=127.0.0.1, Method=GET, URI=http://localhost:33419/js/leaflet.markercluster.js, QUERY=null, BODY=
2026-06-18 12:32:01.121 [JettyServerThreadPool-64] INFO  org.texttechnologylab.uce.web.App - Received API call: ID=4513995e-2e9a-4956-b4f5-25c0cf92187a, IP=127.0.0.1, Method=GET, URI=http://localhost:33419/js/marked.min.js, QUERY=null, BODY=
2026-06-18 12:32:01.140 [JettyServerThreadPool-61] INFO  org.texttechnologylab.uce.web.App - Received API call: ID=a9e5db72-a1d7-4708-9da0-1e3f1016e33b, IP=127.0.0.1, Method=GET, URI=http://localhost:33419/js/md-block.js, QUERY=null, BODY=
2026-06-18 12:32:01.143 [JettyServerThreadPool-64] INFO  org.texttechnologylab.uce.web.App - Received API call: ID=77653ac6-8f25-483d-ae16-7290da5bd783, IP=127.0.0.1, Method=GET, URI=http://localhost:33419/js/require.js, QUERY=null, BODY=
2026-06-18 12:32:01.143 [JettyServerThreadPool-57] INFO  org.texttechnologylab.uce.web.App - Received API call: ID=0c97251e-1149-415c-abef-0bb7aba7c094, IP=127.0.0.1, Method=GET, URI=http://localhost:33419/js/gsap.min.js, QUERY=null, BODY=
2026-06-18 12:32:01.145 [JettyServerThreadPool-62] INFO  org.texttechnologylab.uce.web.App - Received API call: ID=e92f6d4c-dcc9-45e4-a101-f483c7ca12ea, IP=127.0.0.1, Method=GET, URI=http://localhost:33419/img/logo.png, QUERY=null, BODY=
2026-06-18 12:32:01.154 [JettyServerThreadPool-56] INFO  org.texttechnologylab.uce.web.App - Received API call: ID=1a1c7cee-ec88-4175-9a14-47ed48baefce, IP=127.0.0.1, Method=GET, URI=http://localhost:33419/img/ttlab-logo.png, QUERY=null, BODY=
2026-06-18 12:32:01.369 [JettyServerThreadPool-50] INFO  org.texttechnologylab.uce.web.App - Received API call: ID=5ad0b267-9881-4ec8-8b3c-de11d3bf8c75, IP=127.0.0.1, Method=GET, URI=http://localhost:33419/js/visualization/chartjs.js, QUERY=null, BODY=
2026-06-18 12:32:01.369 [JettyServerThreadPool-62] INFO  org.texttechnologylab.uce.web.App - Received API call: ID=fb2e6df4-7f58-42f2-a337-9ee2ddcad1ce, IP=127.0.0.1, Method=GET, URI=http://localhost:33419/js/visualization/d3js.js, QUERY=null, BODY=
2026-06-18 12:32:01.369 [JettyServerThreadPool-55] INFO  org.texttechnologylab.uce.web.App - Received API call: ID=8e05e94a-c915-473e-b802-06a8ea02088b, IP=127.0.0.1, Method=GET, URI=http://localhost:33419/js/visualization/drawflowjs.js, QUERY=null, BODY=
2026-06-18 12:32:01.369 [JettyServerThreadPool-54] INFO  org.texttechnologylab.uce.web.App - Received API call: ID=4b4981dc-9fc6-4535-bb44-e9a6063f1063, IP=127.0.0.1, Method=GET, URI=http://localhost:33419/js/visualization/echarts.js, QUERY=null, BODY=
2026-06-18 12:32:01.370 [JettyServerThreadPool-51] INFO  org.texttechnologylab.uce.web.App - Received API call: ID=f874e999-935f-42ff-9040-f45b6ca96617, IP=127.0.0.1, Method=GET, URI=http://localhost:33419/js/visualization/uceMap.js, QUERY=null, BODY=
2026-06-18 12:32:01.431 [JettyServerThreadPool-61] INFO  org.texttechnologylab.uce.web.App - Received API call: ID=a544d900-fcc8-4c8c-bd4d-655a5f606613, IP=127.0.0.1, Method=POST, URI=http://localhost:33419/api/wiki/lexicon/entries, QUERY=null, BODY={"skip":0,"take":24,"searchInput":"","sortColumn":"occurrence","sortDirection":"DESC","annotationFilters":[]}
2026-06-18 12:32:01.825 [Thread-2] INFO  org.texttechnologylab.uce.common.cronjobs.SystemJob - System CronJob is still running and has finished a cycle.
2026-06-18 12:32:11.848 [Thread-2] INFO  org.texttechnologylab.uce.common.cronjobs.SystemJob - System CronJob is still running and has finished a cycle.
2026-06-18 12:32:21.872 [Thread-2] INFO  org.texttechnologylab.uce.common.cronjobs.SystemJob - System CronJob is still running and has finished a cycle.
2026-06-18 12:32:31.894 [Thread-2] INFO  org.texttechnologylab.uce.common.cronjobs.SystemJob - System CronJob is still running and has finished a cycle.
2026-06-18 12:32:41.916 [Thread-2] INFO  org.texttechnologylab.uce.common.cronjobs.SystemJob - System CronJob is still running and has finished a cycle.
2026-06-18 12:32:51.943 [Thread-2] INFO  org.texttechnologylab.uce.common.cronjobs.SystemJob - System CronJob is still running and has finished a cycle.
2026-06-18 12:33:01.967 [Thread-2] INFO  org.texttechnologylab.uce.common.cronjobs.SystemJob - System CronJob is still running and has finished a cycle.
2026-06-18 12:33:11.991 [Thread-2] INFO  org.texttechnologylab.uce.common.cronjobs.SystemJob - System CronJob is still running and has finished a cycle.
2026-06-18 12:33:22.027 [Thread-2] INFO  org.texttechnologylab.uce.common.cronjobs.SystemJob - System CronJob is still running and has finished a cycle.
2026-06-18 12:33:32.051 [Thread-2] INFO  org.texttechnologylab.uce.common.cronjobs.SystemJob - System CronJob is still running and has finished a cycle.
2026-06-18 12:33:34.813 [JettyServerThreadPool-54] INFO  org.texttechnologylab.uce.web.App - Received API call: ID=eff0d588-a2f4-48dd-9523-16c86f0fa770, IP=127.0.0.1, Method=GET, URI=http://127.0.0.1:4577/, QUERY=view=duaviz, BODY=
2026-06-18 12:33:40.794 [JettyServerThreadPool-57] INFO  org.texttechnologylab.uce.web.App - Received API call: ID=82aea0f9-1cd4-4bb3-9e17-9182e5a636f5, IP=127.0.0.1, Method=GET, URI=http://localhost:33419/, QUERY=null, BODY=
2026-06-18 12:33:41.163 [JettyServerThreadPool-62] INFO  org.texttechnologylab.uce.web.App - Received API call: ID=319eea70-1045-456b-ade6-89be1821d9e6, IP=127.0.0.1, Method=GET, URI=http://localhost:33419/css/animate.min.css, QUERY=null, BODY=
2026-06-18 12:33:41.163 [JettyServerThreadPool-64] INFO  org.texttechnologylab.uce.web.App - Received API call: ID=d1dd4507-31fb-4ebf-b413-477b140ec372, IP=127.0.0.1, Method=GET, URI=http://localhost:33419/css/Control.Geocoder.css, QUERY=null, BODY=
2026-06-18 12:33:41.182 [JettyServerThreadPool-65] INFO  org.texttechnologylab.uce.web.App - Received API call: ID=d0571f8c-09f4-413e-ab5c-23bcd87da17c, IP=127.0.0.1, Method=GET, URI=http://localhost:33419/js/jquery-3.7.1.min.js, QUERY=null, BODY=
2026-06-18 12:33:41.183 [JettyServerThreadPool-55] INFO  org.texttechnologylab.uce.web.App - Received API call: ID=c6e29c82-0ef5-4bb7-91ff-5429ebf7b525, IP=127.0.0.1, Method=GET, URI=http://localhost:33419/js/tabulator-tables/tabulator.min.js, QUERY=null, BODY=
2026-06-18 12:33:41.201 [JettyServerThreadPool-65] INFO  org.texttechnologylab.uce.web.App - Received API call: ID=26e5e735-2455-4ff1-9e7b-c31992c3b2be, IP=127.0.0.1, Method=GET, URI=http://localhost:33419/css/bootstrap/bootstrap.min.css, QUERY=null, BODY=
2026-06-18 12:33:41.201 [JettyServerThreadPool-64] INFO  org.texttechnologylab.uce.web.App - Received API call: ID=6ec71f20-792a-42aa-b376-1a32bbca28bb, IP=127.0.0.1, Method=GET, URI=http://localhost:33419/js/xlsx.full.min.js, QUERY=null, BODY=
2026-06-18 12:33:41.201 [JettyServerThreadPool-50] INFO  org.texttechnologylab.uce.web.App - Received API call: ID=5e6420d4-c37b-4e90-989e-27e94d0849a2, IP=127.0.0.1, Method=GET, URI=http://localhost:33419/css/tabulator-tables/tabulator.min.css, QUERY=null, BODY=
2026-06-18 12:33:41.202 [JettyServerThreadPool-52] INFO  org.texttechnologylab.uce.web.App - Received API call: ID=3f66da89-d17d-4dee-9a07-d705ac24fc12, IP=127.0.0.1, Method=GET, URI=http://localhost:33419/leaflet/leaflet.css, QUERY=null, BODY=
2026-06-18 12:33:41.202 [JettyServerThreadPool-62] INFO  org.texttechnologylab.uce.web.App - Received API call: ID=cdf2d63f-a726-4f87-80a1-b69506b5a73f, IP=127.0.0.1, Method=GET, URI=http://localhost:33419/js/fontawesome/all.js, QUERY=null, BODY=
2026-06-18 12:33:41.215 [JettyServerThreadPool-51] INFO  org.texttechnologylab.uce.web.App - Received API call: ID=e8545f01-2b3c-46df-88d2-3dd6010ce296, IP=127.0.0.1, Method=GET, URI=http://localhost:33419/leaflet/leaflet.js, QUERY=null, BODY=
2026-06-18 12:33:41.217 [JettyServerThreadPool-61] INFO  org.texttechnologylab.uce.web.App - Received API call: ID=8ed5a1e1-1060-4eb9-9201-69fbfbc15aae, IP=127.0.0.1, Method=GET, URI=http://localhost:33419/js/popper.js/umd/popper.min.js, QUERY=null, BODY=
2026-06-18 12:33:41.221 [JettyServerThreadPool-64] INFO  org.texttechnologylab.uce.web.App - Received API call: ID=50efa93c-167a-451a-9864-0c961cdcf261, IP=127.0.0.1, Method=GET, URI=http://localhost:33419/js/visualization/cdns/chartjs-449.js, QUERY=null, BODY=
2026-06-18 12:33:41.222 [JettyServerThreadPool-63] INFO  org.texttechnologylab.uce.web.App - Received API call: ID=33fff0df-f0d0-42a1-b3e0-2eec13d51cd7, IP=127.0.0.1, Method=GET, URI=http://localhost:33419/js/utils.js, QUERY=null, BODY=
2026-06-18 12:33:41.224 [JettyServerThreadPool-55] INFO  org.texttechnologylab.uce.web.App - Received API call: ID=41252fa3-fa1c-4c6e-8524-b0065d741df4, IP=127.0.0.1, Method=GET, URI=http://localhost:33419/js/bootstrap/bootstrap.min.js, QUERY=null, BODY=
2026-06-18 12:33:41.239 [JettyServerThreadPool-56] INFO  org.texttechnologylab.uce.web.App - Received API call: ID=fdfb0030-b3e1-4ca6-9448-317cbd8f203d, IP=127.0.0.1, Method=GET, URI=http://localhost:33419/js/visualization/cdns/d3js-790.js, QUERY=null, BODY=
2026-06-18 12:33:41.241 [JettyServerThreadPool-62] INFO  org.texttechnologylab.uce.web.App - Received API call: ID=797aa0f4-c188-4ac0-a284-fb59aad65b9b, IP=127.0.0.1, Method=GET, URI=http://localhost:33419/js/visualization/cdns/drawflow-last.js, QUERY=null, BODY=
2026-06-18 12:33:41.240 [JettyServerThreadPool-65] INFO  org.texttechnologylab.uce.web.App - Received API call: ID=34f73325-5d54-4c17-9122-c6ec9733ebb5, IP=127.0.0.1, Method=GET, URI=http://localhost:33419/js/visualization/cdns/leaflet-heat.js, QUERY=null, BODY=
2026-06-18 12:33:41.240 [JettyServerThreadPool-55] INFO  org.texttechnologylab.uce.web.App - Received API call: ID=2ce978a4-5a27-4694-8742-d1f047a0d6c5, IP=127.0.0.1, Method=GET, URI=http://localhost:33419/js/Control.Geocoder.js, QUERY=null, BODY=
2026-06-18 12:33:41.248 [JettyServerThreadPool-50] INFO  org.texttechnologylab.uce.web.App - Received API call: ID=8c79be78-3bf6-40c2-8054-156b2de2ef13, IP=127.0.0.1, Method=GET, URI=http://localhost:33419/js/leaflet.markercluster.js, QUERY=null, BODY=
2026-06-18 12:33:41.259 [JettyServerThreadPool-61] INFO  org.texttechnologylab.uce.web.App - Received API call: ID=5ca13551-c098-4116-ad05-0b1589b535ac, IP=127.0.0.1, Method=GET, URI=http://localhost:33419/js/marked.min.js, QUERY=null, BODY=
2026-06-18 12:33:41.264 [JettyServerThreadPool-51] INFO  org.texttechnologylab.uce.web.App - Received API call: ID=39e8b9f5-3b8f-4773-b933-21372514e9ee, IP=127.0.0.1, Method=GET, URI=http://localhost:33419/js/md-block.js, QUERY=null, BODY=
2026-06-18 12:33:41.264 [JettyServerThreadPool-62] INFO  org.texttechnologylab.uce.web.App - Received API call: ID=dcaff9b8-7760-4f1b-9ce4-4f1ecd6457bb, IP=127.0.0.1, Method=GET, URI=http://localhost:33419/js/gsap.min.js, QUERY=null, BODY=
2026-06-18 12:33:41.269 [JettyServerThreadPool-63] INFO  org.texttechnologylab.uce.web.App - Received API call: ID=36136008-9d25-4b6b-9e98-6358ed90abf7, IP=127.0.0.1, Method=GET, URI=http://localhost:33419/js/require.js, QUERY=null, BODY=
2026-06-18 12:33:41.392 [JettyServerThreadPool-50] INFO  org.texttechnologylab.uce.web.App - Received API call: ID=b8c464a7-70a8-4269-bd7e-49b66add1350, IP=127.0.0.1, Method=GET, URI=http://localhost:33419/img/logo.png, QUERY=null, BODY=
2026-06-18 12:33:41.392 [JettyServerThreadPool-56] INFO  org.texttechnologylab.uce.web.App - Received API call: ID=32263201-57f0-4afa-8ad4-5faa279b77ff, IP=127.0.0.1, Method=GET, URI=http://localhost:33419/img/ttlab-logo.png, QUERY=null, BODY=
2026-06-18 12:33:41.420 [JettyServerThreadPool-57] INFO  org.texttechnologylab.uce.web.App - Received API call: ID=b15e2cbf-d65f-42d0-ab60-1476b3c09f5f, IP=127.0.0.1, Method=GET, URI=http://localhost:33419/js/visualization/uceMap.js, QUERY=null, BODY=
2026-06-18 12:33:41.420 [JettyServerThreadPool-56] INFO  org.texttechnologylab.uce.web.App - Received API call: ID=63739bf3-d58d-4142-85d5-7ec366a6a5eb, IP=127.0.0.1, Method=GET, URI=http://localhost:33419/js/visualization/echarts.js, QUERY=null, BODY=
2026-06-18 12:33:41.420 [JettyServerThreadPool-51] INFO  org.texttechnologylab.uce.web.App - Received API call: ID=0e949f13-05fe-4a99-9888-ed6634dc5110, IP=127.0.0.1, Method=GET, URI=http://localhost:33419/js/visualization/chartjs.js, QUERY=null, BODY=
2026-06-18 12:33:41.421 [JettyServerThreadPool-50] INFO  org.texttechnologylab.uce.web.App - Received API call: ID=cfaf3531-8dff-479e-afc6-a2f118782d9c, IP=127.0.0.1, Method=GET, URI=http://localhost:33419/js/visualization/d3js.js, QUERY=null, BODY=
2026-06-18 12:33:41.421 [JettyServerThreadPool-55] INFO  org.texttechnologylab.uce.web.App - Received API call: ID=7518d1a5-4c22-458d-a9e7-9c996541820b, IP=127.0.0.1, Method=GET, URI=http://localhost:33419/js/visualization/drawflowjs.js, QUERY=null, BODY=
2026-06-18 12:33:41.680 [JettyServerThreadPool-63] INFO  org.texttechnologylab.uce.web.App - Received API call: ID=bf14e44c-8b51-4f2b-bccf-4bf93947756b, IP=127.0.0.1, Method=POST, URI=http://localhost:33419/api/wiki/lexicon/entries, QUERY=null, BODY={"skip":0,"take":24,"searchInput":"","sortColumn":"occurrence","sortDirection":"DESC","annotationFilters":[]}
2026-06-18 12:33:42.076 [Thread-2] INFO  org.texttechnologylab.uce.common.cronjobs.SystemJob - System CronJob is still running and has finished a cycle.
2026-06-18 12:33:52.106 [Thread-2] INFO  org.texttechnologylab.uce.common.cronjobs.SystemJob - System CronJob is still running and has finished a cycle.
2026-06-18 12:34:02.133 [Thread-2] INFO  org.texttechnologylab.uce.common.cronjobs.SystemJob - System CronJob is still running and has finished a cycle.
2026-06-18 12:34:12.157 [Thread-2] INFO  org.texttechnologylab.uce.common.cronjobs.SystemJob - System CronJob is still running and has finished a cycle.
2026-06-18 12:34:22.179 [Thread-2] INFO  org.texttechnologylab.uce.common.cronjobs.SystemJob - System CronJob is still running and has finished a cycle.
2026-06-18 12:34:32.204 [Thread-2] INFO  org.texttechnologylab.uce.common.cronjobs.SystemJob - System CronJob is still running and has finished a cycle.
2026-06-18 12:34:42.225 [Thread-2] INFO  org.texttechnologylab.uce.common.cronjobs.SystemJob - System CronJob is still running and has finished a cycle.
2026-06-18 12:34:52.249 [Thread-2] INFO  org.texttechnologylab.uce.common.cronjobs.SystemJob - System CronJob is still running and has finished a cycle.
2026-06-18 12:35:02.275 [Thread-2] INFO  org.texttechnologylab.uce.common.cronjobs.SystemJob - System CronJob is still running and has finished a cycle.
2026-06-18 12:35:12.297 [Thread-2] INFO  org.texttechnologylab.uce.common.cronjobs.SystemJob - System CronJob is still running and has finished a cycle.
2026-06-18 12:35:22.322 [Thread-2] INFO  org.texttechnologylab.uce.common.cronjobs.SystemJob - System CronJob is still running and has finished a cycle.
2026-06-18 12:35:32.349 [Thread-2] INFO  org.texttechnologylab.uce.common.cronjobs.SystemJob - System CronJob is still running and has finished a cycle.
2026-06-18 12:35:42.388 [Thread-2] INFO  org.texttechnologylab.uce.common.cronjobs.SystemJob - System CronJob is still running and has finished a cycle.
2026-06-18 12:35:52.415 [Thread-2] INFO  org.texttechnologylab.uce.common.cronjobs.SystemJob - System CronJob is still running and has finished a cycle.
2026-06-18 12:36:02.439 [Thread-2] INFO  org.texttechnologylab.uce.common.cronjobs.SystemJob - System CronJob is still running and has finished a cycle.
2026-06-18 12:36:12.462 [Thread-2] INFO  org.texttechnologylab.uce.common.cronjobs.SystemJob - System CronJob is still running and has finished a cycle.
2026-06-18 12:36:22.486 [Thread-2] INFO  org.texttechnologylab.uce.common.cronjobs.SystemJob - System CronJob is still running and has finished a cycle.
2026-06-18 12:36:32.509 [Thread-2] INFO  org.texttechnologylab.uce.common.cronjobs.SystemJob - System CronJob is still running and has finished a cycle.
2026-06-18 12:36:42.531 [Thread-2] INFO  org.texttechnologylab.uce.common.cronjobs.SystemJob - System CronJob is still running and has finished a cycle.
2026-06-18 12:36:52.567 [Thread-2] INFO  org.texttechnologylab.uce.common.cronjobs.SystemJob - System CronJob is still running and has finished a cycle.
2026-06-18 12:37:02.590 [Thread-2] INFO  org.texttechnologylab.uce.common.cronjobs.SystemJob - System CronJob is still running and has finished a cycle.
2026-06-18 12:37:12.612 [Thread-2] INFO  org.texttechnologylab.uce.common.cronjobs.SystemJob - System CronJob is still running and has finished a cycle.
2026-06-18 12:37:22.656 [Thread-2] INFO  org.texttechnologylab.uce.common.cronjobs.SystemJob - System CronJob is still running and has finished a cycle.
2026-06-18 12:37:32.693 [Thread-2] INFO  org.texttechnologylab.uce.common.cronjobs.SystemJob - System CronJob is still running and has finished a cycle.
2026-06-18 12:37:42.718 [Thread-2] INFO  org.texttechnologylab.uce.common.cronjobs.SystemJob - System CronJob is still running and has finished a cycle.
2026-06-18 12:37:52.759 [Thread-2] INFO  org.texttechnologylab.uce.common.cronjobs.SystemJob - System CronJob is still running and has finished a cycle.
2026-06-18 12:38:02.782 [Thread-2] INFO  org.texttechnologylab.uce.common.cronjobs.SystemJob - System CronJob is still running and has finished a cycle.
2026-06-18 12:38:12.805 [Thread-2] INFO  org.texttechnologylab.uce.common.cronjobs.SystemJob - System CronJob is still running and has finished a cycle.
2026-06-18 12:38:22.827 [Thread-2] INFO  org.texttechnologylab.uce.common.cronjobs.SystemJob - System CronJob is still running and has finished a cycle.
2026-06-18 12:38:32.848 [Thread-2] INFO  org.texttechnologylab.uce.common.cronjobs.SystemJob - System CronJob is still running and has finished a cycle.
2026-06-18 12:38:42.869 [Thread-2] INFO  org.texttechnologylab.uce.common.cronjobs.SystemJob - System CronJob is still running and has finished a cycle.
2026-06-18 12:38:52.894 [Thread-2] INFO  org.texttechnologylab.uce.common.cronjobs.SystemJob - System CronJob is still running and has finished a cycle.
2026-06-18 12:39:02.914 [Thread-2] INFO  org.texttechnologylab.uce.common.cronjobs.SystemJob - System CronJob is still running and has finished a cycle.
2026-06-18 12:39:12.948 [Thread-2] INFO  org.texttechnologylab.uce.common.cronjobs.SystemJob - System CronJob is still running and has finished a cycle.
2026-06-18 12:39:22.970 [Thread-2] INFO  org.texttechnologylab.uce.common.cronjobs.SystemJob - System CronJob is still running and has finished a cycle.
2026-06-18 12:39:33.010 [Thread-2] INFO  org.texttechnologylab.uce.common.cronjobs.SystemJob - System CronJob is still running and has finished a cycle.
2026-06-18 12:39:43.032 [Thread-2] INFO  org.texttechnologylab.uce.common.cronjobs.SystemJob - System CronJob is still running and has finished a cycle.
2026-06-18 12:39:53.064 [Thread-2] INFO  org.texttechnologylab.uce.common.cronjobs.SystemJob - System CronJob is still running and has finished a cycle.
2026-06-18 12:40:03.085 [Thread-2] INFO  org.texttechnologylab.uce.common.cronjobs.SystemJob - System CronJob is still running and has finished a cycle.
2026-06-18 12:40:13.110 [Thread-2] INFO  org.texttechnologylab.uce.common.cronjobs.SystemJob - System CronJob is still running and has finished a cycle.
2026-06-18 12:40:23.133 [Thread-2] INFO  org.texttechnologylab.uce.common.cronjobs.SystemJob - System CronJob is still running and has finished a cycle.
2026-06-18 12:40:33.155 [Thread-2] INFO  org.texttechnologylab.uce.common.cronjobs.SystemJob - System CronJob is still running and has finished a cycle.
2026-06-18 12:40:43.176 [Thread-2] INFO  org.texttechnologylab.uce.common.cronjobs.SystemJob - System CronJob is still running and has finished a cycle.
2026-06-18 12:40:53.245 [Thread-2] INFO  org.texttechnologylab.uce.common.cronjobs.SystemJob - System CronJob is still running and has finished a cycle.
2026-06-18 12:41:03.265 [Thread-2] INFO  org.texttechnologylab.uce.common.cronjobs.SystemJob - System CronJob is still running and has finished a cycle.
2026-06-18 12:41:13.286 [Thread-2] INFO  org.texttechnologylab.uce.common.cronjobs.SystemJob - System CronJob is still running and has finished a cycle.
2026-06-18 12:41:23.316 [Thread-2] INFO  org.texttechnologylab.uce.common.cronjobs.SystemJob - System CronJob is still running and has finished a cycle.
2026-06-18 12:41:33.339 [Thread-2] INFO  org.texttechnologylab.uce.common.cronjobs.SystemJob - System CronJob is still running and has finished a cycle.
2026-06-18 12:41:43.375 [Thread-2] INFO  org.texttechnologylab.uce.common.cronjobs.SystemJob - System CronJob is still running and has finished a cycle.
2026-06-18 12:41:53.407 [Thread-2] INFO  org.texttechnologylab.uce.common.cronjobs.SystemJob - System CronJob is still running and has finished a cycle.
2026-06-18 12:42:03.430 [Thread-2] INFO  org.texttechnologylab.uce.common.cronjobs.SystemJob - System CronJob is still running and has finished a cycle.
2026-06-18 12:42:13.799 [Thread-2] INFO  org.texttechnologylab.uce.common.cronjobs.SystemJob - System CronJob is still running and has finished a cycle.
2026-06-18 12:42:23.823 [Thread-2] INFO  org.texttechnologylab.uce.common.cronjobs.SystemJob - System CronJob is still running and has finished a cycle.
2026-06-18 12:42:30.592 [JettyServerThreadPool-55] INFO  org.texttechnologylab.uce.web.App - Received API call: ID=b3bfbd1f-e61b-4dc4-bde7-4421e26931dc, IP=127.0.0.1, Method=GET, URI=http://localhost:33419/, QUERY=null, BODY=
2026-06-18 12:42:30.905 [JettyServerThreadPool-64] INFO  org.texttechnologylab.uce.web.App - Received API call: ID=91262c8f-d38f-4f05-ac5a-600ec639569b, IP=127.0.0.1, Method=GET, URI=http://localhost:33419/css/bootstrap/bootstrap.min.css, QUERY=null, BODY=
2026-06-18 12:42:30.919 [JettyServerThreadPool-56] INFO  org.texttechnologylab.uce.web.App - Received API call: ID=b87971d9-37c5-46fd-9923-1507ef482018, IP=127.0.0.1, Method=GET, URI=http://localhost:33419/js/jquery-3.7.1.min.js, QUERY=null, BODY=
2026-06-18 12:42:30.931 [JettyServerThreadPool-64] INFO  org.texttechnologylab.uce.web.App - Received API call: ID=1784bdc5-97c0-422d-be1a-37cb40789fc7, IP=127.0.0.1, Method=GET, URI=http://localhost:33419/css/Control.Geocoder.css, QUERY=null, BODY=
2026-06-18 12:42:30.933 [JettyServerThreadPool-56] INFO  org.texttechnologylab.uce.web.App - Received API call: ID=ccb6d527-aa18-4d74-9f08-dac24cd2bb61, IP=127.0.0.1, Method=GET, URI=http://localhost:33419/js/tabulator-tables/tabulator.min.js, QUERY=null, BODY=
2026-06-18 12:42:30.943 [JettyServerThreadPool-57] INFO  org.texttechnologylab.uce.web.App - Received API call: ID=417c4f25-c882-4a7a-944a-3fea3aa1526b, IP=127.0.0.1, Method=GET, URI=http://localhost:33419/js/xlsx.full.min.js, QUERY=null, BODY=
2026-06-18 12:42:30.944 [JettyServerThreadPool-50] INFO  org.texttechnologylab.uce.web.App - Received API call: ID=5eeef902-ab33-4c02-9707-634e716dc7a7, IP=127.0.0.1, Method=GET, URI=http://localhost:33419/css/animate.min.css, QUERY=null, BODY=
2026-06-18 12:42:30.944 [JettyServerThreadPool-62] INFO  org.texttechnologylab.uce.web.App - Received API call: ID=6850f4f5-efe5-4640-9e5a-d10fbf631613, IP=127.0.0.1, Method=GET, URI=http://localhost:33419/leaflet/leaflet.css, QUERY=null, BODY=
2026-06-18 12:42:30.947 [JettyServerThreadPool-64] INFO  org.texttechnologylab.uce.web.App - Received API call: ID=21a82989-c4ff-4f4f-ad80-ed0e6b7b0a76, IP=127.0.0.1, Method=GET, URI=http://localhost:33419/js/fontawesome/all.js, QUERY=null, BODY=
2026-06-18 12:42:30.956 [JettyServerThreadPool-133] INFO  org.texttechnologylab.uce.web.App - Received API call: ID=52f855f6-8984-4ab7-8b72-fef75aaa723d, IP=127.0.0.1, Method=GET, URI=http://localhost:33419/leaflet/leaflet.js, QUERY=null, BODY=
2026-06-18 12:42:30.959 [JettyServerThreadPool-132] INFO  org.texttechnologylab.uce.web.App - Received API call: ID=8dabf260-a3bb-4f4a-b9b1-0949bc8bcc11, IP=127.0.0.1, Method=GET, URI=http://localhost:33419/js/popper.js/umd/popper.min.js, QUERY=null, BODY=
2026-06-18 12:42:30.959 [JettyServerThreadPool-56] INFO  org.texttechnologylab.uce.web.App - Received API call: ID=1893071f-6974-41d5-a546-831050785382, IP=127.0.0.1, Method=GET, URI=http://localhost:33419/js/bootstrap/bootstrap.min.js, QUERY=null, BODY=
2026-06-18 12:42:30.963 [JettyServerThreadPool-62] INFO  org.texttechnologylab.uce.web.App - Received API call: ID=d772780e-f62d-4070-8597-ee91397b6a85, IP=127.0.0.1, Method=GET, URI=http://localhost:33419/js/utils.js, QUERY=null, BODY=
2026-06-18 12:42:30.968 [JettyServerThreadPool-63] INFO  org.texttechnologylab.uce.web.App - Received API call: ID=a59d9a35-bf7a-4a5c-8d05-bec33884cb92, IP=127.0.0.1, Method=GET, URI=http://localhost:33419/css/tabulator-tables/tabulator.min.css, QUERY=null, BODY=
2026-06-18 12:42:30.973 [JettyServerThreadPool-57] INFO  org.texttechnologylab.uce.web.App - Received API call: ID=7abf3d36-3fde-42b7-b692-c4c62db9c597, IP=127.0.0.1, Method=GET, URI=http://localhost:33419/js/visualization/cdns/chartjs-449.js, QUERY=null, BODY=
2026-06-18 12:42:30.976 [JettyServerThreadPool-50] INFO  org.texttechnologylab.uce.web.App - Received API call: ID=bacd7d76-8deb-40c5-92f8-a567bc272e39, IP=127.0.0.1, Method=GET, URI=http://localhost:33419/js/visualization/cdns/drawflow-last.js, QUERY=null, BODY=
2026-06-18 12:42:30.976 [JettyServerThreadPool-64] INFO  org.texttechnologylab.uce.web.App - Received API call: ID=12805dd7-c245-4c86-a8d1-d6fc8d4f06b9, IP=127.0.0.1, Method=GET, URI=http://localhost:33419/js/visualization/cdns/d3js-790.js, QUERY=null, BODY=
2026-06-18 12:42:30.980 [JettyServerThreadPool-132] INFO  org.texttechnologylab.uce.web.App - Received API call: ID=023565ef-6330-4daf-b66f-3875206c02c9, IP=127.0.0.1, Method=GET, URI=http://localhost:33419/js/Control.Geocoder.js, QUERY=null, BODY=
2026-06-18 12:42:30.983 [JettyServerThreadPool-133] INFO  org.texttechnologylab.uce.web.App - Received API call: ID=df3a0bf3-22f3-43d8-98b7-1cb3eb59e8d3, IP=127.0.0.1, Method=GET, URI=http://localhost:33419/js/visualization/cdns/leaflet-heat.js, QUERY=null, BODY=
2026-06-18 12:42:30.988 [JettyServerThreadPool-56] INFO  org.texttechnologylab.uce.web.App - Received API call: ID=f9952147-ad69-4a79-97b7-653a205d5a2b, IP=127.0.0.1, Method=GET, URI=http://localhost:33419/js/leaflet.markercluster.js, QUERY=null, BODY=
2026-06-18 12:42:30.991 [JettyServerThreadPool-63] INFO  org.texttechnologylab.uce.web.App - Received API call: ID=73952708-661f-4845-95a1-cc2f02bd37a0, IP=127.0.0.1, Method=GET, URI=http://localhost:33419/js/marked.min.js, QUERY=null, BODY=
2026-06-18 12:42:30.995 [JettyServerThreadPool-62] INFO  org.texttechnologylab.uce.web.App - Received API call: ID=d1ac1590-657e-443d-95b6-6244135afb18, IP=127.0.0.1, Method=GET, URI=http://localhost:33419/js/md-block.js, QUERY=null, BODY=
2026-06-18 12:42:30.997 [JettyServerThreadPool-134] INFO  org.texttechnologylab.uce.web.App - Received API call: ID=3f717d9c-9b8f-4f0d-a264-94c54815da09, IP=127.0.0.1, Method=GET, URI=http://localhost:33419/js/gsap.min.js, QUERY=null, BODY=
2026-06-18 12:42:31.002 [JettyServerThreadPool-57] INFO  org.texttechnologylab.uce.web.App - Received API call: ID=1855ef29-1d8f-4421-9b35-f08f8078ab8b, IP=127.0.0.1, Method=GET, URI=http://localhost:33419/js/require.js, QUERY=null, BODY=
2026-06-18 12:42:31.133 [JettyServerThreadPool-64] INFO  org.texttechnologylab.uce.web.App - Received API call: ID=ab7c73ef-9abc-43a9-81c4-5d6e99cbf563, IP=127.0.0.1, Method=GET, URI=http://localhost:33419/img/logo.png, QUERY=null, BODY=
2026-06-18 12:42:31.134 [JettyServerThreadPool-57] INFO  org.texttechnologylab.uce.web.App - Received API call: ID=0de896c3-fc58-41df-924c-809bfd6c5996, IP=127.0.0.1, Method=GET, URI=http://localhost:33419/img/ttlab-logo.png, QUERY=null, BODY=
2026-06-18 12:42:31.158 [JettyServerThreadPool-50] INFO  org.texttechnologylab.uce.web.App - Received API call: ID=00c6ec67-671a-457c-b9b6-cb129dd7c84b, IP=127.0.0.1, Method=GET, URI=http://localhost:33419/js/visualization/drawflowjs.js, QUERY=null, BODY=
2026-06-18 12:42:31.158 [JettyServerThreadPool-133] INFO  org.texttechnologylab.uce.web.App - Received API call: ID=e6313981-3f46-4053-aaa8-7ea527cc80a5, IP=127.0.0.1, Method=GET, URI=http://localhost:33419/js/visualization/d3js.js, QUERY=null, BODY=
2026-06-18 12:42:31.159 [JettyServerThreadPool-64] INFO  org.texttechnologylab.uce.web.App - Received API call: ID=cf4c05e8-f989-488a-8a32-ec6169fe36e6, IP=127.0.0.1, Method=GET, URI=http://localhost:33419/js/visualization/echarts.js, QUERY=null, BODY=
2026-06-18 12:42:31.161 [JettyServerThreadPool-132] INFO  org.texttechnologylab.uce.web.App - Received API call: ID=5241a617-f002-4d4d-9036-7f2c1b3e1222, IP=127.0.0.1, Method=GET, URI=http://localhost:33419/js/visualization/uceMap.js, QUERY=null, BODY=
2026-06-18 12:42:31.163 [JettyServerThreadPool-134] INFO  org.texttechnologylab.uce.web.App - Received API call: ID=c8714abe-4c11-446f-909e-d591559edcc4, IP=127.0.0.1, Method=GET, URI=http://localhost:33419/js/visualization/chartjs.js, QUERY=null, BODY=
2026-06-18 12:42:31.264 [JettyServerThreadPool-62] INFO  org.texttechnologylab.uce.web.App - Received API call: ID=f7e6e07d-0f4b-43e6-9af8-156c69cba9b2, IP=127.0.0.1, Method=POST, URI=http://localhost:33419/api/wiki/lexicon/entries, QUERY=null, BODY={"skip":0,"take":24,"searchInput":"","sortColumn":"occurrence","sortDirection":"DESC","annotationFilters":[]}
2026-06-18 12:42:33.845 [Thread-2] INFO  org.texttechnologylab.uce.common.cronjobs.SystemJob - System CronJob is still running and has finished a cycle.
2026-06-18 12:42:43.868 [Thread-2] INFO  org.texttechnologylab.uce.common.cronjobs.SystemJob - System CronJob is still running and has finished a cycle.
2026-06-18 12:42:44.803 [JettyServerThreadPool-63] INFO  org.texttechnologylab.uce.web.App - Received API call: ID=cb3da77a-75eb-46b1-ab13-e1654db714a3, IP=127.0.0.1, Method=HEAD, URI=http://127.0.0.1:4577/, QUERY=null, BODY=
2026-06-18 12:42:44.842 [JettyServerThreadPool-134] INFO  org.texttechnologylab.uce.web.App - Received API call: ID=92f27f70-507c-47ed-819c-2c8edd581f29, IP=127.0.0.1, Method=GET, URI=http://127.0.0.1:4577/, QUERY=null, BODY=
2026-06-18 12:42:53.894 [Thread-2] INFO  org.texttechnologylab.uce.common.cronjobs.SystemJob - System CronJob is still running and has finished a cycle.
2026-06-18 12:43:03.917 [Thread-2] INFO  org.texttechnologylab.uce.common.cronjobs.SystemJob - System CronJob is still running and has finished a cycle.
2026-06-18 12:43:13.938 [Thread-2] INFO  org.texttechnologylab.uce.common.cronjobs.SystemJob - System CronJob is still running and has finished a cycle.
2026-06-18 12:43:23.966 [Thread-2] INFO  org.texttechnologylab.uce.common.cronjobs.SystemJob - System CronJob is still running and has finished a cycle.
2026-06-18 12:43:33.985 [Thread-2] INFO  org.texttechnologylab.uce.common.cronjobs.SystemJob - System CronJob is still running and has finished a cycle.
2026-06-18 12:43:44.017 [Thread-2] INFO  org.texttechnologylab.uce.common.cronjobs.SystemJob - System CronJob is still running and has finished a cycle.
2026-06-18 12:43:54.040 [Thread-2] INFO  org.texttechnologylab.uce.common.cronjobs.SystemJob - System CronJob is still running and has finished a cycle.
2026-06-18 12:44:04.061 [Thread-2] INFO  org.texttechnologylab.uce.common.cronjobs.SystemJob - System CronJob is still running and has finished a cycle.
2026-06-18 12:44:14.091 [Thread-2] INFO  org.texttechnologylab.uce.common.cronjobs.SystemJob - System CronJob is still running and has finished a cycle.
2026-06-18 12:44:24.114 [Thread-2] INFO  org.texttechnologylab.uce.common.cronjobs.SystemJob - System CronJob is still running and has finished a cycle.
2026-06-18 12:44:34.137 [Thread-2] INFO  org.texttechnologylab.uce.common.cronjobs.SystemJob - System CronJob is still running and has finished a cycle.
2026-06-18 12:44:44.158 [Thread-2] INFO  org.texttechnologylab.uce.common.cronjobs.SystemJob - System CronJob is still running and has finished a cycle.
2026-06-18 12:44:54.182 [Thread-2] INFO  org.texttechnologylab.uce.common.cronjobs.SystemJob - System CronJob is still running and has finished a cycle.
2026-06-18 12:45:04.202 [Thread-2] INFO  org.texttechnologylab.uce.common.cronjobs.SystemJob - System CronJob is still running and has finished a cycle.
2026-06-18 12:45:14.230 [Thread-2] INFO  org.texttechnologylab.uce.common.cronjobs.SystemJob - System CronJob is still running and has finished a cycle.
2026-06-18 12:45:24.250 [Thread-2] INFO  org.texttechnologylab.uce.common.cronjobs.SystemJob - System CronJob is still running and has finished a cycle.
2026-06-18 12:45:34.270 [Thread-2] INFO  org.texttechnologylab.uce.common.cronjobs.SystemJob - System CronJob is still running and has finished a cycle.
2026-06-18 12:45:44.293 [Thread-2] INFO  org.texttechnologylab.uce.common.cronjobs.SystemJob - System CronJob is still running and has finished a cycle.
2026-06-18 12:45:54.328 [Thread-2] INFO  org.texttechnologylab.uce.common.cronjobs.SystemJob - System CronJob is still running and has finished a cycle.
2026-06-18 12:46:04.347 [Thread-2] INFO  org.texttechnologylab.uce.common.cronjobs.SystemJob - System CronJob is still running and has finished a cycle.
2026-06-18 12:46:14.369 [Thread-2] INFO  org.texttechnologylab.uce.common.cronjobs.SystemJob - System CronJob is still running and has finished a cycle.
2026-06-18 12:46:24.402 [Thread-2] INFO  org.texttechnologylab.uce.common.cronjobs.SystemJob - System CronJob is still running and has finished a cycle.
2026-06-18 12:46:34.422 [Thread-2] INFO  org.texttechnologylab.uce.common.cronjobs.SystemJob - System CronJob is still running and has finished a cycle.
2026-06-18 12:46:44.444 [Thread-2] INFO  org.texttechnologylab.uce.common.cronjobs.SystemJob - System CronJob is still running and has finished a cycle.
2026-06-18 12:46:54.501 [Thread-2] INFO  org.texttechnologylab.uce.common.cronjobs.SystemJob - System CronJob is still running and has finished a cycle.
2026-06-18 12:47:04.521 [Thread-2] INFO  org.texttechnologylab.uce.common.cronjobs.SystemJob - System CronJob is still running and has finished a cycle.
2026-06-18 12:47:14.559 [Thread-2] INFO  org.texttechnologylab.uce.common.cronjobs.SystemJob - System CronJob is still running and has finished a cycle.
2026-06-18 12:47:24.586 [Thread-2] INFO  org.texttechnologylab.uce.common.cronjobs.SystemJob - System CronJob is still running and has finished a cycle.
2026-06-18 12:47:34.607 [Thread-2] INFO  org.texttechnologylab.uce.common.cronjobs.SystemJob - System CronJob is still running and has finished a cycle.
2026-06-18 12:47:44.630 [Thread-2] INFO  org.texttechnologylab.uce.common.cronjobs.SystemJob - System CronJob is still running and has finished a cycle.
2026-06-18 12:47:54.654 [Thread-2] INFO  org.texttechnologylab.uce.common.cronjobs.SystemJob - System CronJob is still running and has finished a cycle.
2026-06-18 12:48:04.680 [Thread-2] INFO  org.texttechnologylab.uce.common.cronjobs.SystemJob - System CronJob is still running and has finished a cycle.
2026-06-18 12:48:14.702 [Thread-2] INFO  org.texttechnologylab.uce.common.cronjobs.SystemJob - System CronJob is still running and has finished a cycle.
2026-06-18 12:48:24.732 [Thread-2] INFO  org.texttechnologylab.uce.common.cronjobs.SystemJob - System CronJob is still running and has finished a cycle.
2026-06-18 12:48:34.755 [Thread-2] INFO  org.texttechnologylab.uce.common.cronjobs.SystemJob - System CronJob is still running and has finished a cycle.
2026-06-18 12:48:44.786 [Thread-2] INFO  org.texttechnologylab.uce.common.cronjobs.SystemJob - System CronJob is still running and has finished a cycle.
2026-06-18 12:48:54.812 [Thread-2] INFO  org.texttechnologylab.uce.common.cronjobs.SystemJob - System CronJob is still running and has finished a cycle.
2026-06-18 12:49:04.838 [Thread-2] INFO  org.texttechnologylab.uce.common.cronjobs.SystemJob - System CronJob is still running and has finished a cycle.
2026-06-18 12:49:14.870 [Thread-2] INFO  org.texttechnologylab.uce.common.cronjobs.SystemJob - System CronJob is still running and has finished a cycle.
2026-06-18 12:49:24.901 [Thread-2] INFO  org.texttechnologylab.uce.common.cronjobs.SystemJob - System CronJob is still running and has finished a cycle.
2026-06-18 13:09:33.692 [main] INFO  org.texttechnologylab.uce.web.App - Starting the UCE web service...
2026-06-18 13:09:33.699 [main] INFO  org.texttechnologylab.uce.web.App - Passed in command line args: -cf /home/stud_homes/s0424382/projects/ttlab/uce/biofid-nova-preprocessing/UCE/.env
2026-06-18 13:09:33.700 [main] INFO  org.texttechnologylab.uce.web.App - Parsing the UCE config...
2026-06-18 13:09:33.849 [main] ERROR org.texttechnologylab.uce.web.App - Couldn't parse the CLI arguments properly - app shutting down.
com.google.gson.JsonSyntaxException: java.lang.IllegalStateException: Expected BEGIN_OBJECT but was STRING at line 1 column 1 path $
See https://github.com/google/gson/blob/main/Troubleshooting.md#unexpected-json-structure
	at com.google.gson.internal.bind.ReflectiveTypeAdapterFactory$Adapter.read(ReflectiveTypeAdapterFactory.java:520) ~[webportal-jar-with-dependencies.jar:1.0-SNAPSHOT]
	at com.google.gson.Gson.fromJson(Gson.java:1361) ~[webportal-jar-with-dependencies.jar:1.0-SNAPSHOT]
	at com.google.gson.Gson.fromJson(Gson.java:1262) ~[webportal-jar-with-dependencies.jar:1.0-SNAPSHOT]
	at com.google.gson.Gson.fromJson(Gson.java:1171) ~[webportal-jar-with-dependencies.jar:1.0-SNAPSHOT]
	at com.google.gson.Gson.fromJson(Gson.java:1107) ~[webportal-jar-with-dependencies.jar:1.0-SNAPSHOT]
	at org.texttechnologylab.uce.common.config.UceConfig.fromJson(UceConfig.java:28) ~[webportal-jar-with-dependencies.jar:1.0-SNAPSHOT]
	at org.texttechnologylab.uce.web.App.parseCommandLine(App.java:334) ~[webportal-jar-with-dependencies.jar:1.0-SNAPSHOT]
	at org.texttechnologylab.uce.web.App.main(App.java:104) [webportal-jar-with-dependencies.jar:1.0-SNAPSHOT]
Caused by: java.lang.IllegalStateException: Expected BEGIN_OBJECT but was STRING at line 1 column 1 path $
See https://github.com/google/gson/blob/main/Troubleshooting.md#unexpected-json-structure
	at com.google.gson.stream.JsonReader.unexpectedTokenError(JsonReader.java:1768) ~[webportal-jar-with-dependencies.jar:1.0-SNAPSHOT]
	at com.google.gson.stream.JsonReader.beginObject(JsonReader.java:469) ~[webportal-jar-with-dependencies.jar:1.0-SNAPSHOT]
	at com.google.gson.internal.bind.ReflectiveTypeAdapterFactory$Adapter.read(ReflectiveTypeAdapterFactory.java:509) ~[webportal-jar-with-dependencies.jar:1.0-SNAPSHOT]
	... 7 more
2026-06-18 13:09:41.247 [main] INFO  org.texttechnologylab.uce.web.App - Starting the UCE web service...
2026-06-18 13:09:41.253 [main] INFO  org.texttechnologylab.uce.web.App - Passed in command line args: -cf /home/stud_homes/s0424382/projects/ttlab/uce/biofid-nova-preprocessing/UCE/.dev/storage/config/uceConfig.json
2026-06-18 13:09:41.254 [main] INFO  org.texttechnologylab.uce.web.App - Parsing the UCE config...
2026-06-18 13:09:41.349 [main] INFO  org.texttechnologylab.uce.web.App - Read UCE Config from path: /home/stud_homes/s0424382/projects/ttlab/uce/biofid-nova-preprocessing/UCE/.dev/storage/config/uceConfig.json
2026-06-18 13:09:41.350 [main] INFO  org.texttechnologylab.uce.web.App - UCE Config read and instantiated.
2026-06-18 13:09:41.368 [main] INFO  org.texttechnologylab.uce.web.App - Loaded the common config.
2026-06-18 13:09:41.371 [main] INFO  org.texttechnologylab.uce.web.App - Language resources templates override path: uce.portal/resources/templates/
2026-06-18 13:09:41.371 [main] INFO  org.texttechnologylab.uce.web.App - Adjusting UCE to the UceConfig...
2026-06-18 13:09:41.375 [main] ERROR org.texttechnologylab.uce.web.App - Couldn't implement the UceConfig. Application continues running.
java.nio.file.NoSuchFileException: uce.portal/resources/templates/css/site.css
	at java.base/sun.nio.fs.UnixException.translateToIOException(UnixException.java:92) ~[?:?]
	at java.base/sun.nio.fs.UnixException.rethrowAsIOException(UnixException.java:106) ~[?:?]
	at java.base/sun.nio.fs.UnixException.rethrowAsIOException(UnixException.java:111) ~[?:?]
	at java.base/sun.nio.fs.UnixFileSystemProvider.newByteChannel(UnixFileSystemProvider.java:261) ~[?:?]
	at java.base/java.nio.file.Files.newByteChannel(Files.java:380) ~[?:?]
	at java.base/java.nio.file.Files.newByteChannel(Files.java:432) ~[?:?]
	at java.base/java.nio.file.spi.FileSystemProvider.newInputStream(FileSystemProvider.java:420) ~[?:?]
	at java.base/java.nio.file.Files.newInputStream(Files.java:160) ~[?:?]
	at java.base/java.nio.file.Files.newBufferedReader(Files.java:2910) ~[?:?]
	at java.base/java.nio.file.Files.readAllLines(Files.java:3405) ~[?:?]
	at java.base/java.nio.file.Files.readAllLines(Files.java:3446) ~[?:?]
	at org.texttechnologylab.uce.web.App.implementUceConfigurations(App.java:278) ~[webportal-jar-with-dependencies.jar:1.0-SNAPSHOT]
	at org.texttechnologylab.uce.web.App.lambda$main$0(App.java:121) ~[webportal-jar-with-dependencies.jar:1.0-SNAPSHOT]
	at org.texttechnologylab.uce.common.exceptions.ExceptionUtils.tryCatchLog(ExceptionUtils.java:30) [webportal-jar-with-dependencies.jar:1.0-SNAPSHOT]
	at org.texttechnologylab.uce.web.App.main(App.java:120) [webportal-jar-with-dependencies.jar:1.0-SNAPSHOT]
2026-06-18 13:09:43.484 [main] INFO  org.hibernate.Version - HHH000412: Hibernate ORM core version 1.0-SNAPSHOT
2026-06-18 13:09:44.131 [main] INFO  org.hibernate.spatial.integration.SpatialService - HHH80000001: hibernate-spatial integration enabled : true
2026-06-18 13:09:44.267 [main] INFO  org.hibernate.annotations.common.Version - HCANN000001: Hibernate Commons Annotations {5.1.2.Final}
2026-06-18 13:09:44.600 [main] INFO  org.hibernate.engine.jdbc.connections.internal.ConnectionProviderInitiator - HHH000130: Instantiating explicit connection provider: com.zaxxer.hikari.hibernate.HikariConnectionProvider
2026-06-18 13:09:44.800 [main] WARN  org.springframework.context.annotation.AnnotationConfigApplicationContext - Exception encountered during context initialization - cancelling refresh attempt: org.springframework.beans.factory.UnsatisfiedDependencyException: Error creating bean with name 'documentAccessManager' defined in org.texttechnologylab.uce.common.config.DocumentAccessConfig: Unsatisfied dependency expressed through method 'documentAccessManager' parameter 0: Error creating bean with name 'databaseService' defined in org.texttechnologylab.uce.common.config.SpringConfig: Failed to instantiate [org.texttechnologylab.uce.common.services.DataInterface]: Factory method 'databaseService' threw exception with message: Unable to create requested service [org.hibernate.engine.jdbc.env.spi.JdbcEnvironment]
2026-06-18 13:09:44.826 [main] FATAL org.texttechnologylab.uce.web.App - ========== [ABORT] ==========
The Application context couldn't be established. This is very likely due to a missing/invalid database connection. UCE will have to shutdown.
org.springframework.beans.factory.UnsatisfiedDependencyException: Error creating bean with name 'documentAccessManager' defined in org.texttechnologylab.uce.common.config.DocumentAccessConfig: Unsatisfied dependency expressed through method 'documentAccessManager' parameter 0: Error creating bean with name 'databaseService' defined in org.texttechnologylab.uce.common.config.SpringConfig: Failed to instantiate [org.texttechnologylab.uce.common.services.DataInterface]: Factory method 'databaseService' threw exception with message: Unable to create requested service [org.hibernate.engine.jdbc.env.spi.JdbcEnvironment]
	at org.springframework.beans.factory.support.ConstructorResolver.createArgumentArray(ConstructorResolver.java:798) ~[webportal-jar-with-dependencies.jar:1.0-SNAPSHOT]
	at org.springframework.beans.factory.support.ConstructorResolver.instantiateUsingFactoryMethod(ConstructorResolver.java:542) ~[webportal-jar-with-dependencies.jar:1.0-SNAPSHOT]
	at org.springframework.beans.factory.support.AbstractAutowireCapableBeanFactory.instantiateUsingFactoryMethod(AbstractAutowireCapableBeanFactory.java:1334) ~[webportal-jar-with-dependencies.jar:1.0-SNAPSHOT]
	at org.springframework.beans.factory.support.AbstractAutowireCapableBeanFactory.createBeanInstance(AbstractAutowireCapableBeanFactory.java:1164) ~[webportal-jar-with-dependencies.jar:1.0-SNAPSHOT]
	at org.springframework.beans.factory.support.AbstractAutowireCapableBeanFactory.doCreateBean(AbstractAutowireCapableBeanFactory.java:561) ~[webportal-jar-with-dependencies.jar:1.0-SNAPSHOT]
	at org.springframework.beans.factory.support.AbstractAutowireCapableBeanFactory.createBean(AbstractAutowireCapableBeanFactory.java:521) ~[webportal-jar-with-dependencies.jar:1.0-SNAPSHOT]
	at org.springframework.beans.factory.support.AbstractBeanFactory.lambda$doGetBean$0(AbstractBeanFactory.java:325) ~[webportal-jar-with-dependencies.jar:1.0-SNAPSHOT]
	at org.springframework.beans.factory.support.DefaultSingletonBeanRegistry.getSingleton(DefaultSingletonBeanRegistry.java:234) ~[webportal-jar-with-dependencies.jar:1.0-SNAPSHOT]
	at org.springframework.beans.factory.support.AbstractBeanFactory.doGetBean(AbstractBeanFactory.java:323) ~[webportal-jar-with-dependencies.jar:1.0-SNAPSHOT]
	at org.springframework.beans.factory.support.AbstractBeanFactory.getBean(AbstractBeanFactory.java:199) ~[webportal-jar-with-dependencies.jar:1.0-SNAPSHOT]
	at org.springframework.beans.factory.support.DefaultListableBeanFactory.preInstantiateSingletons(DefaultListableBeanFactory.java:975) ~[webportal-jar-with-dependencies.jar:1.0-SNAPSHOT]
	at org.springframework.context.support.AbstractApplicationContext.finishBeanFactoryInitialization(AbstractApplicationContext.java:959) ~[webportal-jar-with-dependencies.jar:1.0-SNAPSHOT]
	at org.springframework.context.support.AbstractApplicationContext.refresh(AbstractApplicationContext.java:624) ~[webportal-jar-with-dependencies.jar:1.0-SNAPSHOT]
	at org.springframework.context.annotation.AnnotationConfigApplicationContext.<init>(AnnotationConfigApplicationContext.java:93) ~[webportal-jar-with-dependencies.jar:1.0-SNAPSHOT]
	at org.texttechnologylab.uce.web.App.lambda$main$2(App.java:126) ~[webportal-jar-with-dependencies.jar:1.0-SNAPSHOT]
	at org.texttechnologylab.uce.common.exceptions.ExceptionUtils.tryCatchLog(ExceptionUtils.java:18) [webportal-jar-with-dependencies.jar:1.0-SNAPSHOT]
	at org.texttechnologylab.uce.web.App.main(App.java:125) [webportal-jar-with-dependencies.jar:1.0-SNAPSHOT]
Caused by: org.springframework.beans.factory.BeanCreationException: Error creating bean with name 'databaseService' defined in org.texttechnologylab.uce.common.config.SpringConfig: Failed to instantiate [org.texttechnologylab.uce.common.services.DataInterface]: Factory method 'databaseService' threw exception with message: Unable to create requested service [org.hibernate.engine.jdbc.env.spi.JdbcEnvironment]
	at org.springframework.beans.factory.support.ConstructorResolver.instantiate(ConstructorResolver.java:651) ~[webportal-jar-with-dependencies.jar:1.0-SNAPSHOT]
	at org.springframework.beans.factory.support.ConstructorResolver.instantiateUsingFactoryMethod(ConstructorResolver.java:485) ~[webportal-jar-with-dependencies.jar:1.0-SNAPSHOT]
	at org.springframework.beans.factory.support.AbstractAutowireCapableBeanFactory.instantiateUsingFactoryMethod(AbstractAutowireCapableBeanFactory.java:1334) ~[webportal-jar-with-dependencies.jar:1.0-SNAPSHOT]
	at org.springframework.beans.factory.support.AbstractAutowireCapableBeanFactory.createBeanInstance(AbstractAutowireCapableBeanFactory.java:1164) ~[webportal-jar-with-dependencies.jar:1.0-SNAPSHOT]
	at org.springframework.beans.factory.support.AbstractAutowireCapableBeanFactory.doCreateBean(AbstractAutowireCapableBeanFactory.java:561) ~[webportal-jar-with-dependencies.jar:1.0-SNAPSHOT]
	at org.springframework.beans.factory.support.AbstractAutowireCapableBeanFactory.createBean(AbstractAutowireCapableBeanFactory.java:521) ~[webportal-jar-with-dependencies.jar:1.0-SNAPSHOT]
	at org.springframework.beans.factory.support.AbstractBeanFactory.lambda$doGetBean$0(AbstractBeanFactory.java:325) ~[webportal-jar-with-dependencies.jar:1.0-SNAPSHOT]
	at org.springframework.beans.factory.support.DefaultSingletonBeanRegistry.getSingleton(DefaultSingletonBeanRegistry.java:234) ~[webportal-jar-with-dependencies.jar:1.0-SNAPSHOT]
	at org.springframework.beans.factory.support.AbstractBeanFactory.doGetBean(AbstractBeanFactory.java:323) ~[webportal-jar-with-dependencies.jar:1.0-SNAPSHOT]
	at org.springframework.beans.factory.support.AbstractBeanFactory.getBean(AbstractBeanFactory.java:199) ~[webportal-jar-with-dependencies.jar:1.0-SNAPSHOT]
	at org.springframework.beans.factory.config.DependencyDescriptor.resolveCandidate(DependencyDescriptor.java:254) ~[webportal-jar-with-dependencies.jar:1.0-SNAPSHOT]
	at org.springframework.beans.factory.support.DefaultListableBeanFactory.doResolveDependency(DefaultListableBeanFactory.java:1443) ~[webportal-jar-with-dependencies.jar:1.0-SNAPSHOT]
	at org.springframework.beans.factory.support.DefaultListableBeanFactory.resolveDependency(DefaultListableBeanFactory.java:1353) ~[webportal-jar-with-dependencies.jar:1.0-SNAPSHOT]
	at org.springframework.beans.factory.support.ConstructorResolver.resolveAutowiredArgument(ConstructorResolver.java:907) ~[webportal-jar-with-dependencies.jar:1.0-SNAPSHOT]
	at org.springframework.beans.factory.support.ConstructorResolver.createArgumentArray(ConstructorResolver.java:785) ~[webportal-jar-with-dependencies.jar:1.0-SNAPSHOT]
	... 16 more
Caused by: org.springframework.beans.BeanInstantiationException: Failed to instantiate [org.texttechnologylab.uce.common.services.DataInterface]: Factory method 'databaseService' threw exception with message: Unable to create requested service [org.hibernate.engine.jdbc.env.spi.JdbcEnvironment]
	at org.springframework.beans.factory.support.SimpleInstantiationStrategy.instantiate(SimpleInstantiationStrategy.java:177) ~[webportal-jar-with-dependencies.jar:1.0-SNAPSHOT]
	at org.springframework.beans.factory.support.ConstructorResolver.instantiate(ConstructorResolver.java:647) ~[webportal-jar-with-dependencies.jar:1.0-SNAPSHOT]
	at org.springframework.beans.factory.support.ConstructorResolver.instantiateUsingFactoryMethod(ConstructorResolver.java:485) ~[webportal-jar-with-dependencies.jar:1.0-SNAPSHOT]
	at org.springframework.beans.factory.support.AbstractAutowireCapableBeanFactory.instantiateUsingFactoryMethod(AbstractAutowireCapableBeanFactory.java:1334) ~[webportal-jar-with-dependencies.jar:1.0-SNAPSHOT]
	at org.springframework.beans.factory.support.AbstractAutowireCapableBeanFactory.createBeanInstance(AbstractAutowireCapableBeanFactory.java:1164) ~[webportal-jar-with-dependencies.jar:1.0-SNAPSHOT]
	at org.springframework.beans.factory.support.AbstractAutowireCapableBeanFactory.doCreateBean(AbstractAutowireCapableBeanFactory.java:561) ~[webportal-jar-with-dependencies.jar:1.0-SNAPSHOT]
	at org.springframework.beans.factory.support.AbstractAutowireCapableBeanFactory.createBean(AbstractAutowireCapableBeanFactory.java:521) ~[webportal-jar-with-dependencies.jar:1.0-SNAPSHOT]
	at org.springframework.beans.factory.support.AbstractBeanFactory.lambda$doGetBean$0(AbstractBeanFactory.java:325) ~[webportal-jar-with-dependencies.jar:1.0-SNAPSHOT]
	at org.springframework.beans.factory.support.DefaultSingletonBeanRegistry.getSingleton(DefaultSingletonBeanRegistry.java:234) ~[webportal-jar-with-dependencies.jar:1.0-SNAPSHOT]
	at org.springframework.beans.factory.support.AbstractBeanFactory.doGetBean(AbstractBeanFactory.java:323) ~[webportal-jar-with-dependencies.jar:1.0-SNAPSHOT]
	at org.springframework.beans.factory.support.AbstractBeanFactory.getBean(AbstractBeanFactory.java:199) ~[webportal-jar-with-dependencies.jar:1.0-SNAPSHOT]
	at org.springframework.beans.factory.config.DependencyDescriptor.resolveCandidate(DependencyDescriptor.java:254) ~[webportal-jar-with-dependencies.jar:1.0-SNAPSHOT]
	at org.springframework.beans.factory.support.DefaultListableBeanFactory.doResolveDependency(DefaultListableBeanFactory.java:1443) ~[webportal-jar-with-dependencies.jar:1.0-SNAPSHOT]
	at org.springframework.beans.factory.support.DefaultListableBeanFactory.resolveDependency(DefaultListableBeanFactory.java:1353) ~[webportal-jar-with-dependencies.jar:1.0-SNAPSHOT]
	at org.springframework.beans.factory.support.ConstructorResolver.resolveAutowiredArgument(ConstructorResolver.java:907) ~[webportal-jar-with-dependencies.jar:1.0-SNAPSHOT]
	at org.springframework.beans.factory.support.ConstructorResolver.createArgumentArray(ConstructorResolver.java:785) ~[webportal-jar-with-dependencies.jar:1.0-SNAPSHOT]
	... 16 more
Caused by: org.hibernate.service.spi.ServiceException: Unable to create requested service [org.hibernate.engine.jdbc.env.spi.JdbcEnvironment]
	at org.hibernate.service.internal.AbstractServiceRegistryImpl.createService(AbstractServiceRegistryImpl.java:284) ~[webportal-jar-with-dependencies.jar:1.0-SNAPSHOT]
	at org.hibernate.service.internal.AbstractServiceRegistryImpl.initializeService(AbstractServiceRegistryImpl.java:246) ~[webportal-jar-with-dependencies.jar:1.0-SNAPSHOT]
	at org.hibernate.service.internal.AbstractServiceRegistryImpl.getService(AbstractServiceRegistryImpl.java:223) ~[webportal-jar-with-dependencies.jar:1.0-SNAPSHOT]
	at org.hibernate.id.factory.internal.DefaultIdentifierGeneratorFactory.injectServices(DefaultIdentifierGeneratorFactory.java:175) ~[webportal-jar-with-dependencies.jar:1.0-SNAPSHOT]
	at org.hibernate.service.internal.AbstractServiceRegistryImpl.injectDependencies(AbstractServiceRegistryImpl.java:295) ~[webportal-jar-with-dependencies.jar:1.0-SNAPSHOT]
	at org.hibernate.service.internal.AbstractServiceRegistryImpl.initializeService(AbstractServiceRegistryImpl.java:252) ~[webportal-jar-with-dependencies.jar:1.0-SNAPSHOT]
	at org.hibernate.service.internal.AbstractServiceRegistryImpl.getService(AbstractServiceRegistryImpl.java:223) ~[webportal-jar-with-dependencies.jar:1.0-SNAPSHOT]
	at org.hibernate.boot.internal.InFlightMetadataCollectorImpl.<init>(InFlightMetadataCollectorImpl.java:173) ~[webportal-jar-with-dependencies.jar:1.0-SNAPSHOT]
	at org.hibernate.boot.model.process.spi.MetadataBuildingProcess.complete(MetadataBuildingProcess.java:127) ~[webportal-jar-with-dependencies.jar:1.0-SNAPSHOT]
	at org.hibernate.boot.model.process.spi.MetadataBuildingProcess.build(MetadataBuildingProcess.java:86) ~[webportal-jar-with-dependencies.jar:1.0-SNAPSHOT]
	at org.hibernate.boot.internal.MetadataBuilderImpl.build(MetadataBuilderImpl.java:479) ~[webportal-jar-with-dependencies.jar:1.0-SNAPSHOT]
	at org.hibernate.boot.internal.MetadataBuilderImpl.build(MetadataBuilderImpl.java:85) ~[webportal-jar-with-dependencies.jar:1.0-SNAPSHOT]
	at org.hibernate.boot.MetadataSources.buildMetadata(MetadataSources.java:202) ~[webportal-jar-with-dependencies.jar:1.0-SNAPSHOT]
	at org.texttechnologylab.uce.common.config.HibernateConf.buildSessionFactory(HibernateConf.java:93) ~[webportal-jar-with-dependencies.jar:1.0-SNAPSHOT]
	at org.texttechnologylab.uce.common.services.PostgresqlDataInterface_Impl.<init>(PostgresqlDataInterface_Impl.java:81) ~[webportal-jar-with-dependencies.jar:1.0-SNAPSHOT]
	at org.texttechnologylab.uce.common.config.SpringConfig.databaseService(SpringConfig.java:16) ~[webportal-jar-with-dependencies.jar:1.0-SNAPSHOT]
	at org.texttechnologylab.uce.common.config.SpringConfig$$SpringCGLIB$$0.CGLIB$databaseService$4(<generated>) ~[webportal-jar-with-dependencies.jar:1.0-SNAPSHOT]
	at org.texttechnologylab.uce.common.config.SpringConfig$$SpringCGLIB$$FastClass$$1.invoke(<generated>) ~[webportal-jar-with-dependencies.jar:1.0-SNAPSHOT]
	at org.springframework.cglib.proxy.MethodProxy.invokeSuper(MethodProxy.java:258) ~[webportal-jar-with-dependencies.jar:1.0-SNAPSHOT]
	at org.springframework.context.annotation.ConfigurationClassEnhancer$BeanMethodInterceptor.intercept(ConfigurationClassEnhancer.java:331) ~[webportal-jar-with-dependencies.jar:1.0-SNAPSHOT]
	at org.texttechnologylab.uce.common.config.SpringConfig$$SpringCGLIB$$0.databaseService(<generated>) ~[webportal-jar-with-dependencies.jar:1.0-SNAPSHOT]
	at java.base/jdk.internal.reflect.DirectMethodHandleAccessor.invoke(DirectMethodHandleAccessor.java:103) ~[?:?]
	at java.base/java.lang.reflect.Method.invoke(Method.java:580) ~[?:?]
	at org.springframework.beans.factory.support.SimpleInstantiationStrategy.instantiate(SimpleInstantiationStrategy.java:140) ~[webportal-jar-with-dependencies.jar:1.0-SNAPSHOT]
	at org.springframework.beans.factory.support.ConstructorResolver.instantiate(ConstructorResolver.java:647) ~[webportal-jar-with-dependencies.jar:1.0-SNAPSHOT]
	at org.springframework.beans.factory.support.ConstructorResolver.instantiateUsingFactoryMethod(ConstructorResolver.java:485) ~[webportal-jar-with-dependencies.jar:1.0-SNAPSHOT]
	at org.springframework.beans.factory.support.AbstractAutowireCapableBeanFactory.instantiateUsingFactoryMethod(AbstractAutowireCapableBeanFactory.java:1334) ~[webportal-jar-with-dependencies.jar:1.0-SNAPSHOT]
	at org.springframework.beans.factory.support.AbstractAutowireCapableBeanFactory.createBeanInstance(AbstractAutowireCapableBeanFactory.java:1164) ~[webportal-jar-with-dependencies.jar:1.0-SNAPSHOT]
	at org.springframework.beans.factory.support.AbstractAutowireCapableBeanFactory.doCreateBean(AbstractAutowireCapableBeanFactory.java:561) ~[webportal-jar-with-dependencies.jar:1.0-SNAPSHOT]
	at org.springframework.beans.factory.support.AbstractAutowireCapableBeanFactory.createBean(AbstractAutowireCapableBeanFactory.java:521) ~[webportal-jar-with-dependencies.jar:1.0-SNAPSHOT]
	at org.springframework.beans.factory.support.AbstractBeanFactory.lambda$doGetBean$0(AbstractBeanFactory.java:325) ~[webportal-jar-with-dependencies.jar:1.0-SNAPSHOT]
	at org.springframework.beans.factory.support.DefaultSingletonBeanRegistry.getSingleton(DefaultSingletonBeanRegistry.java:234) ~[webportal-jar-with-dependencies.jar:1.0-SNAPSHOT]
	at org.springframework.beans.factory.support.AbstractBeanFactory.doGetBean(AbstractBeanFactory.java:323) ~[webportal-jar-with-dependencies.jar:1.0-SNAPSHOT]
	at org.springframework.beans.factory.support.AbstractBeanFactory.getBean(AbstractBeanFactory.java:199) ~[webportal-jar-with-dependencies.jar:1.0-SNAPSHOT]
	at org.springframework.beans.factory.config.DependencyDescriptor.resolveCandidate(DependencyDescriptor.java:254) ~[webportal-jar-with-dependencies.jar:1.0-SNAPSHOT]
	at org.springframework.beans.factory.support.DefaultListableBeanFactory.doResolveDependency(DefaultListableBeanFactory.java:1443) ~[webportal-jar-with-dependencies.jar:1.0-SNAPSHOT]
	at org.springframework.beans.factory.support.DefaultListableBeanFactory.resolveDependency(DefaultListableBeanFactory.java:1353) ~[webportal-jar-with-dependencies.jar:1.0-SNAPSHOT]
	at org.springframework.beans.factory.support.ConstructorResolver.resolveAutowiredArgument(ConstructorResolver.java:907) ~[webportal-jar-with-dependencies.jar:1.0-SNAPSHOT]
	at org.springframework.beans.factory.support.ConstructorResolver.createArgumentArray(ConstructorResolver.java:785) ~[webportal-jar-with-dependencies.jar:1.0-SNAPSHOT]
	... 16 more
Caused by: org.hibernate.HibernateException: java.lang.IllegalArgumentException: jdbcUrl is required with driverClassName.
	at com.zaxxer.hikari.hibernate.HikariConnectionProvider.configure(HikariConnectionProvider.java:91) ~[webportal-jar-with-dependencies.jar:1.0-SNAPSHOT]
	at org.hibernate.boot.registry.internal.StandardServiceRegistryImpl.configureService(StandardServiceRegistryImpl.java:107) ~[webportal-jar-with-dependencies.jar:1.0-SNAPSHOT]
	at org.hibernate.service.internal.AbstractServiceRegistryImpl.initializeService(AbstractServiceRegistryImpl.java:255) ~[webportal-jar-with-dependencies.jar:1.0-SNAPSHOT]
	at org.hibernate.service.internal.AbstractServiceRegistryImpl.getService(AbstractServiceRegistryImpl.java:223) ~[webportal-jar-with-dependencies.jar:1.0-SNAPSHOT]
	at org.hibernate.engine.jdbc.env.internal.JdbcEnvironmentInitiator.buildJdbcConnectionAccess(JdbcEnvironmentInitiator.java:146) ~[webportal-jar-with-dependencies.jar:1.0-SNAPSHOT]
	at org.hibernate.engine.jdbc.env.internal.JdbcEnvironmentInitiator.initiateService(JdbcEnvironmentInitiator.java:66) ~[webportal-jar-with-dependencies.jar:1.0-SNAPSHOT]
	at org.hibernate.engine.jdbc.env.internal.JdbcEnvironmentInitiator.initiateService(JdbcEnvironmentInitiator.java:35) ~[webportal-jar-with-dependencies.jar:1.0-SNAPSHOT]
	at org.hibernate.boot.registry.internal.StandardServiceRegistryImpl.initiateService(StandardServiceRegistryImpl.java:101) ~[webportal-jar-with-dependencies.jar:1.0-SNAPSHOT]
	at org.hibernate.service.internal.AbstractServiceRegistryImpl.createService(AbstractServiceRegistryImpl.java:272) ~[webportal-jar-with-dependencies.jar:1.0-SNAPSHOT]
	at org.hibernate.service.internal.AbstractServiceRegistryImpl.initializeService(AbstractServiceRegistryImpl.java:246) ~[webportal-jar-with-dependencies.jar:1.0-SNAPSHOT]
	at org.hibernate.service.internal.AbstractServiceRegistryImpl.getService(AbstractServiceRegistryImpl.java:223) ~[webportal-jar-with-dependencies.jar:1.0-SNAPSHOT]
	at org.hibernate.id.factory.internal.DefaultIdentifierGeneratorFactory.injectServices(DefaultIdentifierGeneratorFactory.java:175) ~[webportal-jar-with-dependencies.jar:1.0-SNAPSHOT]
	at org.hibernate.service.internal.AbstractServiceRegistryImpl.injectDependencies(AbstractServiceRegistryImpl.java:295) ~[webportal-jar-with-dependencies.jar:1.0-SNAPSHOT]
	at org.hibernate.service.internal.AbstractServiceRegistryImpl.initializeService(AbstractServiceRegistryImpl.java:252) ~[webportal-jar-with-dependencies.jar:1.0-SNAPSHOT]
	at org.hibernate.service.internal.AbstractServiceRegistryImpl.getService(AbstractServiceRegistryImpl.java:223) ~[webportal-jar-with-dependencies.jar:1.0-SNAPSHOT]
	at org.hibernate.boot.internal.InFlightMetadataCollectorImpl.<init>(InFlightMetadataCollectorImpl.java:173) ~[webportal-jar-with-dependencies.jar:1.0-SNAPSHOT]
	at org.hibernate.boot.model.process.spi.MetadataBuildingProcess.complete(MetadataBuildingProcess.java:127) ~[webportal-jar-with-dependencies.jar:1.0-SNAPSHOT]
	at org.hibernate.boot.model.process.spi.MetadataBuildingProcess.build(MetadataBuildingProcess.java:86) ~[webportal-jar-with-dependencies.jar:1.0-SNAPSHOT]
	at org.hibernate.boot.internal.MetadataBuilderImpl.build(MetadataBuilderImpl.java:479) ~[webportal-jar-with-dependencies.jar:1.0-SNAPSHOT]
	at org.hibernate.boot.internal.MetadataBuilderImpl.build(MetadataBuilderImpl.java:85) ~[webportal-jar-with-dependencies.jar:1.0-SNAPSHOT]
	at org.hibernate.boot.MetadataSources.buildMetadata(MetadataSources.java:202) ~[webportal-jar-with-dependencies.jar:1.0-SNAPSHOT]
	at org.texttechnologylab.uce.common.config.HibernateConf.buildSessionFactory(HibernateConf.java:93) ~[webportal-jar-with-dependencies.jar:1.0-SNAPSHOT]
	at org.texttechnologylab.uce.common.services.PostgresqlDataInterface_Impl.<init>(PostgresqlDataInterface_Impl.java:81) ~[webportal-jar-with-dependencies.jar:1.0-SNAPSHOT]
	at org.texttechnologylab.uce.common.config.SpringConfig.databaseService(SpringConfig.java:16) ~[webportal-jar-with-dependencies.jar:1.0-SNAPSHOT]
	at org.texttechnologylab.uce.common.config.SpringConfig$$SpringCGLIB$$0.CGLIB$databaseService$4(<generated>) ~[webportal-jar-with-dependencies.jar:1.0-SNAPSHOT]
	at org.texttechnologylab.uce.common.config.SpringConfig$$SpringCGLIB$$FastClass$$1.invoke(<generated>) ~[webportal-jar-with-dependencies.jar:1.0-SNAPSHOT]
	at org.springframework.cglib.proxy.MethodProxy.invokeSuper(MethodProxy.java:258) ~[webportal-jar-with-dependencies.jar:1.0-SNAPSHOT]
	at org.springframework.context.annotation.ConfigurationClassEnhancer$BeanMethodInterceptor.intercept(ConfigurationClassEnhancer.java:331) ~[webportal-jar-with-dependencies.jar:1.0-SNAPSHOT]
	at org.texttechnologylab.uce.common.config.SpringConfig$$SpringCGLIB$$0.databaseService(<generated>) ~[webportal-jar-with-dependencies.jar:1.0-SNAPSHOT]
	at java.base/jdk.internal.reflect.DirectMethodHandleAccessor.invoke(DirectMethodHandleAccessor.java:103) ~[?:?]
	at java.base/java.lang.reflect.Method.invoke(Method.java:580) ~[?:?]
	at org.springframework.beans.factory.support.SimpleInstantiationStrategy.instantiate(SimpleInstantiationStrategy.java:140) ~[webportal-jar-with-dependencies.jar:1.0-SNAPSHOT]
	at org.springframework.beans.factory.support.ConstructorResolver.instantiate(ConstructorResolver.java:647) ~[webportal-jar-with-dependencies.jar:1.0-SNAPSHOT]
	at org.springframework.beans.factory.support.ConstructorResolver.instantiateUsingFactoryMethod(ConstructorResolver.java:485) ~[webportal-jar-with-dependencies.jar:1.0-SNAPSHOT]
	at org.springframework.beans.factory.support.AbstractAutowireCapableBeanFactory.instantiateUsingFactoryMethod(AbstractAutowireCapableBeanFactory.java:1334) ~[webportal-jar-with-dependencies.jar:1.0-SNAPSHOT]
	at org.springframework.beans.factory.support.AbstractAutowireCapableBeanFactory.createBeanInstance(AbstractAutowireCapableBeanFactory.java:1164) ~[webportal-jar-with-dependencies.jar:1.0-SNAPSHOT]
	at org.springframework.beans.factory.support.AbstractAutowireCapableBeanFactory.doCreateBean(AbstractAutowireCapableBeanFactory.java:561) ~[webportal-jar-with-dependencies.jar:1.0-SNAPSHOT]
	at org.springframework.beans.factory.support.AbstractAutowireCapableBeanFactory.createBean(AbstractAutowireCapableBeanFactory.java:521) ~[webportal-jar-with-dependencies.jar:1.0-SNAPSHOT]
	at org.springframework.beans.factory.support.AbstractBeanFactory.lambda$doGetBean$0(AbstractBeanFactory.java:325) ~[webportal-jar-with-dependencies.jar:1.0-SNAPSHOT]
	at org.springframework.beans.factory.support.DefaultSingletonBeanRegistry.getSingleton(DefaultSingletonBeanRegistry.java:234) ~[webportal-jar-with-dependencies.jar:1.0-SNAPSHOT]
	at org.springframework.beans.factory.support.AbstractBeanFactory.doGetBean(AbstractBeanFactory.java:323) ~[webportal-jar-with-dependencies.jar:1.0-SNAPSHOT]
	at org.springframework.beans.factory.support.AbstractBeanFactory.getBean(AbstractBeanFactory.java:199) ~[webportal-jar-with-dependencies.jar:1.0-SNAPSHOT]
	at org.springframework.beans.factory.config.DependencyDescriptor.resolveCandidate(DependencyDescriptor.java:254) ~[webportal-jar-with-dependencies.jar:1.0-SNAPSHOT]
	at org.springframework.beans.factory.support.DefaultListableBeanFactory.doResolveDependency(DefaultListableBeanFactory.java:1443) ~[webportal-jar-with-dependencies.jar:1.0-SNAPSHOT]
	at org.springframework.beans.factory.support.DefaultListableBeanFactory.resolveDependency(DefaultListableBeanFactory.java:1353) ~[webportal-jar-with-dependencies.jar:1.0-SNAPSHOT]
	at org.springframework.beans.factory.support.ConstructorResolver.resolveAutowiredArgument(ConstructorResolver.java:907) ~[webportal-jar-with-dependencies.jar:1.0-SNAPSHOT]
	at org.springframework.beans.factory.support.ConstructorResolver.createArgumentArray(ConstructorResolver.java:785) ~[webportal-jar-with-dependencies.jar:1.0-SNAPSHOT]
	... 16 more
Caused by: java.lang.IllegalArgumentException: jdbcUrl is required with driverClassName.
	at com.zaxxer.hikari.HikariConfig.validate(HikariConfig.java:1022) ~[webportal-jar-with-dependencies.jar:1.0-SNAPSHOT]
	at com.zaxxer.hikari.HikariDataSource.<init>(HikariDataSource.java:77) ~[webportal-jar-with-dependencies.jar:1.0-SNAPSHOT]
	at com.zaxxer.hikari.hibernate.HikariConnectionProvider.configure(HikariConnectionProvider.java:87) ~[webportal-jar-with-dependencies.jar:1.0-SNAPSHOT]
	at org.hibernate.boot.registry.internal.StandardServiceRegistryImpl.configureService(StandardServiceRegistryImpl.java:107) ~[webportal-jar-with-dependencies.jar:1.0-SNAPSHOT]
	at org.hibernate.service.internal.AbstractServiceRegistryImpl.initializeService(AbstractServiceRegistryImpl.java:255) ~[webportal-jar-with-dependencies.jar:1.0-SNAPSHOT]
	at org.hibernate.service.internal.AbstractServiceRegistryImpl.getService(AbstractServiceRegistryImpl.java:223) ~[webportal-jar-with-dependencies.jar:1.0-SNAPSHOT]
	at org.hibernate.engine.jdbc.env.internal.JdbcEnvironmentInitiator.buildJdbcConnectionAccess(JdbcEnvironmentInitiator.java:146) ~[webportal-jar-with-dependencies.jar:1.0-SNAPSHOT]
	at org.hibernate.engine.jdbc.env.internal.JdbcEnvironmentInitiator.initiateService(JdbcEnvironmentInitiator.java:66) ~[webportal-jar-with-dependencies.jar:1.0-SNAPSHOT]
	at org.hibernate.engine.jdbc.env.internal.JdbcEnvironmentInitiator.initiateService(JdbcEnvironmentInitiator.java:35) ~[webportal-jar-with-dependencies.jar:1.0-SNAPSHOT]
	at org.hibernate.boot.registry.internal.StandardServiceRegistryImpl.initiateService(StandardServiceRegistryImpl.java:101) ~[webportal-jar-with-dependencies.jar:1.0-SNAPSHOT]
	at org.hibernate.service.internal.AbstractServiceRegistryImpl.createService(AbstractServiceRegistryImpl.java:272) ~[webportal-jar-with-dependencies.jar:1.0-SNAPSHOT]
	at org.hibernate.service.internal.AbstractServiceRegistryImpl.initializeService(AbstractServiceRegistryImpl.java:246) ~[webportal-jar-with-dependencies.jar:1.0-SNAPSHOT]
	at org.hibernate.service.internal.AbstractServiceRegistryImpl.getService(AbstractServiceRegistryImpl.java:223) ~[webportal-jar-with-dependencies.jar:1.0-SNAPSHOT]
	at org.hibernate.id.factory.internal.DefaultIdentifierGeneratorFactory.injectServices(DefaultIdentifierGeneratorFactory.java:175) ~[webportal-jar-with-dependencies.jar:1.0-SNAPSHOT]
	at org.hibernate.service.internal.AbstractServiceRegistryImpl.injectDependencies(AbstractServiceRegistryImpl.java:295) ~[webportal-jar-with-dependencies.jar:1.0-SNAPSHOT]
	at org.hibernate.service.internal.AbstractServiceRegistryImpl.initializeService(AbstractServiceRegistryImpl.java:252) ~[webportal-jar-with-dependencies.jar:1.0-SNAPSHOT]
	at org.hibernate.service.internal.AbstractServiceRegistryImpl.getService(AbstractServiceRegistryImpl.java:223) ~[webportal-jar-with-dependencies.jar:1.0-SNAPSHOT]
	at org.hibernate.boot.internal.InFlightMetadataCollectorImpl.<init>(InFlightMetadataCollectorImpl.java:173) ~[webportal-jar-with-dependencies.jar:1.0-SNAPSHOT]
	at org.hibernate.boot.model.process.spi.MetadataBuildingProcess.complete(MetadataBuildingProcess.java:127) ~[webportal-jar-with-dependencies.jar:1.0-SNAPSHOT]
	at org.hibernate.boot.model.process.spi.MetadataBuildingProcess.build(MetadataBuildingProcess.java:86) ~[webportal-jar-with-dependencies.jar:1.0-SNAPSHOT]
	at org.hibernate.boot.internal.MetadataBuilderImpl.build(MetadataBuilderImpl.java:479) ~[webportal-jar-with-dependencies.jar:1.0-SNAPSHOT]
	at org.hibernate.boot.internal.MetadataBuilderImpl.build(MetadataBuilderImpl.java:85) ~[webportal-jar-with-dependencies.jar:1.0-SNAPSHOT]
	at org.hibernate.boot.MetadataSources.buildMetadata(MetadataSources.java:202) ~[webportal-jar-with-dependencies.jar:1.0-SNAPSHOT]
	at org.texttechnologylab.uce.common.config.HibernateConf.buildSessionFactory(HibernateConf.java:93) ~[webportal-jar-with-dependencies.jar:1.0-SNAPSHOT]
	at org.texttechnologylab.uce.common.services.PostgresqlDataInterface_Impl.<init>(PostgresqlDataInterface_Impl.java:81) ~[webportal-jar-with-dependencies.jar:1.0-SNAPSHOT]
	at org.texttechnologylab.uce.common.config.SpringConfig.databaseService(SpringConfig.java:16) ~[webportal-jar-with-dependencies.jar:1.0-SNAPSHOT]
	at org.texttechnologylab.uce.common.config.SpringConfig$$SpringCGLIB$$0.CGLIB$databaseService$4(<generated>) ~[webportal-jar-with-dependencies.jar:1.0-SNAPSHOT]
	at org.texttechnologylab.uce.common.config.SpringConfig$$SpringCGLIB$$FastClass$$1.invoke(<generated>) ~[webportal-jar-with-dependencies.jar:1.0-SNAPSHOT]
	at org.springframework.cglib.proxy.MethodProxy.invokeSuper(MethodProxy.java:258) ~[webportal-jar-with-dependencies.jar:1.0-SNAPSHOT]
	at org.springframework.context.annotation.ConfigurationClassEnhancer$BeanMethodInterceptor.intercept(ConfigurationClassEnhancer.java:331) ~[webportal-jar-with-dependencies.jar:1.0-SNAPSHOT]
	at org.texttechnologylab.uce.common.config.SpringConfig$$SpringCGLIB$$0.databaseService(<generated>) ~[webportal-jar-with-dependencies.jar:1.0-SNAPSHOT]
	at java.base/jdk.internal.reflect.DirectMethodHandleAccessor.invoke(DirectMethodHandleAccessor.java:103) ~[?:?]
	at java.base/java.lang.reflect.Method.invoke(Method.java:580) ~[?:?]
	at org.springframework.beans.factory.support.SimpleInstantiationStrategy.instantiate(SimpleInstantiationStrategy.java:140) ~[webportal-jar-with-dependencies.jar:1.0-SNAPSHOT]
	at org.springframework.beans.factory.support.ConstructorResolver.instantiate(ConstructorResolver.java:647) ~[webportal-jar-with-dependencies.jar:1.0-SNAPSHOT]
	at org.springframework.beans.factory.support.ConstructorResolver.instantiateUsingFactoryMethod(ConstructorResolver.java:485) ~[webportal-jar-with-dependencies.jar:1.0-SNAPSHOT]
	at org.springframework.beans.factory.support.AbstractAutowireCapableBeanFactory.instantiateUsingFactoryMethod(AbstractAutowireCapableBeanFactory.java:1334) ~[webportal-jar-with-dependencies.jar:1.0-SNAPSHOT]
	at org.springframework.beans.factory.support.AbstractAutowireCapableBeanFactory.createBeanInstance(AbstractAutowireCapableBeanFactory.java:1164) ~[webportal-jar-with-dependencies.jar:1.0-SNAPSHOT]
	at org.springframework.beans.factory.support.AbstractAutowireCapableBeanFactory.doCreateBean(AbstractAutowireCapableBeanFactory.java:561) ~[webportal-jar-with-dependencies.jar:1.0-SNAPSHOT]
	at org.springframework.beans.factory.support.AbstractAutowireCapableBeanFactory.createBean(AbstractAutowireCapableBeanFactory.java:521) ~[webportal-jar-with-dependencies.jar:1.0-SNAPSHOT]
	at org.springframework.beans.factory.support.AbstractBeanFactory.lambda$doGetBean$0(AbstractBeanFactory.java:325) ~[webportal-jar-with-dependencies.jar:1.0-SNAPSHOT]
	at org.springframework.beans.factory.support.DefaultSingletonBeanRegistry.getSingleton(DefaultSingletonBeanRegistry.java:234) ~[webportal-jar-with-dependencies.jar:1.0-SNAPSHOT]
	at org.springframework.beans.factory.support.AbstractBeanFactory.doGetBean(AbstractBeanFactory.java:323) ~[webportal-jar-with-dependencies.jar:1.0-SNAPSHOT]
	at org.springframework.beans.factory.support.AbstractBeanFactory.getBean(AbstractBeanFactory.java:199) ~[webportal-jar-with-dependencies.jar:1.0-SNAPSHOT]
	at org.springframework.beans.factory.config.DependencyDescriptor.resolveCandidate(DependencyDescriptor.java:254) ~[webportal-jar-with-dependencies.jar:1.0-SNAPSHOT]
	at org.springframework.beans.factory.support.DefaultListableBeanFactory.doResolveDependency(DefaultListableBeanFactory.java:1443) ~[webportal-jar-with-dependencies.jar:1.0-SNAPSHOT]
	at org.springframework.beans.factory.support.DefaultListableBeanFactory.resolveDependency(DefaultListableBeanFactory.java:1353) ~[webportal-jar-with-dependencies.jar:1.0-SNAPSHOT]
	at org.springframework.beans.factory.support.ConstructorResolver.resolveAutowiredArgument(ConstructorResolver.java:907) ~[webportal-jar-with-dependencies.jar:1.0-SNAPSHOT]
	at org.springframework.beans.factory.support.ConstructorResolver.createArgumentArray(ConstructorResolver.java:785) ~[webportal-jar-with-dependencies.jar:1.0-SNAPSHOT]
	... 16 more
2026-06-18 13:09:52.480 [main] INFO  org.texttechnologylab.uce.web.App - Starting the UCE web service...
2026-06-18 13:09:52.488 [main] INFO  org.texttechnologylab.uce.web.App - Passed in command line args: -cf /home/stud_homes/s0424382/projects/ttlab/uce/biofid-nova-preprocessing/UCE/.dev/storage/config/uceConfig.json
2026-06-18 13:09:52.489 [main] INFO  org.texttechnologylab.uce.web.App - Parsing the UCE config...
2026-06-18 13:09:52.577 [main] INFO  org.texttechnologylab.uce.web.App - Read UCE Config from path: /home/stud_homes/s0424382/projects/ttlab/uce/biofid-nova-preprocessing/UCE/.dev/storage/config/uceConfig.json
2026-06-18 13:09:52.578 [main] INFO  org.texttechnologylab.uce.web.App - UCE Config read and instantiated.
2026-06-18 13:09:52.592 [main] INFO  org.texttechnologylab.uce.web.App - Loaded the common config.
2026-06-18 13:09:52.593 [main] INFO  org.texttechnologylab.uce.web.App - Language resources templates override path: uce.portal/resources/templates/
2026-06-18 13:09:52.594 [main] INFO  org.texttechnologylab.uce.web.App - Adjusting UCE to the UceConfig...
2026-06-18 13:09:52.596 [main] ERROR org.texttechnologylab.uce.web.App - Couldn't implement the UceConfig. Application continues running.
java.nio.file.NoSuchFileException: uce.portal/resources/templates/css/site.css
	at java.base/sun.nio.fs.UnixException.translateToIOException(UnixException.java:92) ~[?:?]
	at java.base/sun.nio.fs.UnixException.rethrowAsIOException(UnixException.java:106) ~[?:?]
	at java.base/sun.nio.fs.UnixException.rethrowAsIOException(UnixException.java:111) ~[?:?]
	at java.base/sun.nio.fs.UnixFileSystemProvider.newByteChannel(UnixFileSystemProvider.java:261) ~[?:?]
	at java.base/java.nio.file.Files.newByteChannel(Files.java:380) ~[?:?]
	at java.base/java.nio.file.Files.newByteChannel(Files.java:432) ~[?:?]
	at java.base/java.nio.file.spi.FileSystemProvider.newInputStream(FileSystemProvider.java:420) ~[?:?]
	at java.base/java.nio.file.Files.newInputStream(Files.java:160) ~[?:?]
	at java.base/java.nio.file.Files.newBufferedReader(Files.java:2910) ~[?:?]
	at java.base/java.nio.file.Files.readAllLines(Files.java:3405) ~[?:?]
	at java.base/java.nio.file.Files.readAllLines(Files.java:3446) ~[?:?]
	at org.texttechnologylab.uce.web.App.implementUceConfigurations(App.java:278) ~[webportal-jar-with-dependencies.jar:1.0-SNAPSHOT]
	at org.texttechnologylab.uce.web.App.lambda$main$0(App.java:121) ~[webportal-jar-with-dependencies.jar:1.0-SNAPSHOT]
	at org.texttechnologylab.uce.common.exceptions.ExceptionUtils.tryCatchLog(ExceptionUtils.java:30) [webportal-jar-with-dependencies.jar:1.0-SNAPSHOT]
	at org.texttechnologylab.uce.web.App.main(App.java:120) [webportal-jar-with-dependencies.jar:1.0-SNAPSHOT]
2026-06-18 13:09:53.224 [main] INFO  org.hibernate.Version - HHH000412: Hibernate ORM core version 1.0-SNAPSHOT
2026-06-18 13:09:53.510 [main] INFO  org.hibernate.spatial.integration.SpatialService - HHH80000001: hibernate-spatial integration enabled : true
2026-06-18 13:09:53.574 [main] INFO  org.hibernate.annotations.common.Version - HCANN000001: Hibernate Commons Annotations {5.1.2.Final}
2026-06-18 13:09:53.728 [main] INFO  org.hibernate.engine.jdbc.connections.internal.ConnectionProviderInitiator - HHH000130: Instantiating explicit connection provider: com.zaxxer.hikari.hibernate.HikariConnectionProvider
2026-06-18 13:09:53.806 [main] WARN  org.springframework.context.annotation.AnnotationConfigApplicationContext - Exception encountered during context initialization - cancelling refresh attempt: org.springframework.beans.factory.UnsatisfiedDependencyException: Error creating bean with name 'documentAccessManager' defined in org.texttechnologylab.uce.common.config.DocumentAccessConfig: Unsatisfied dependency expressed through method 'documentAccessManager' parameter 0: Error creating bean with name 'databaseService' defined in org.texttechnologylab.uce.common.config.SpringConfig: Failed to instantiate [org.texttechnologylab.uce.common.services.DataInterface]: Factory method 'databaseService' threw exception with message: Unable to create requested service [org.hibernate.engine.jdbc.env.spi.JdbcEnvironment]
2026-06-18 13:09:53.829 [main] FATAL org.texttechnologylab.uce.web.App - ========== [ABORT] ==========
The Application context couldn't be established. This is very likely due to a missing/invalid database connection. UCE will have to shutdown.
org.springframework.beans.factory.UnsatisfiedDependencyException: Error creating bean with name 'documentAccessManager' defined in org.texttechnologylab.uce.common.config.DocumentAccessConfig: Unsatisfied dependency expressed through method 'documentAccessManager' parameter 0: Error creating bean with name 'databaseService' defined in org.texttechnologylab.uce.common.config.SpringConfig: Failed to instantiate [org.texttechnologylab.uce.common.services.DataInterface]: Factory method 'databaseService' threw exception with message: Unable to create requested service [org.hibernate.engine.jdbc.env.spi.JdbcEnvironment]
	at org.springframework.beans.factory.support.ConstructorResolver.createArgumentArray(ConstructorResolver.java:798) ~[webportal-jar-with-dependencies.jar:1.0-SNAPSHOT]
	at org.springframework.beans.factory.support.ConstructorResolver.instantiateUsingFactoryMethod(ConstructorResolver.java:542) ~[webportal-jar-with-dependencies.jar:1.0-SNAPSHOT]
	at org.springframework.beans.factory.support.AbstractAutowireCapableBeanFactory.instantiateUsingFactoryMethod(AbstractAutowireCapableBeanFactory.java:1334) ~[webportal-jar-with-dependencies.jar:1.0-SNAPSHOT]
	at org.springframework.beans.factory.support.AbstractAutowireCapableBeanFactory.createBeanInstance(AbstractAutowireCapableBeanFactory.java:1164) ~[webportal-jar-with-dependencies.jar:1.0-SNAPSHOT]
	at org.springframework.beans.factory.support.AbstractAutowireCapableBeanFactory.doCreateBean(AbstractAutowireCapableBeanFactory.java:561) ~[webportal-jar-with-dependencies.jar:1.0-SNAPSHOT]
	at org.springframework.beans.factory.support.AbstractAutowireCapableBeanFactory.createBean(AbstractAutowireCapableBeanFactory.java:521) ~[webportal-jar-with-dependencies.jar:1.0-SNAPSHOT]
	at org.springframework.beans.factory.support.AbstractBeanFactory.lambda$doGetBean$0(AbstractBeanFactory.java:325) ~[webportal-jar-with-dependencies.jar:1.0-SNAPSHOT]
	at org.springframework.beans.factory.support.DefaultSingletonBeanRegistry.getSingleton(DefaultSingletonBeanRegistry.java:234) ~[webportal-jar-with-dependencies.jar:1.0-SNAPSHOT]
	at org.springframework.beans.factory.support.AbstractBeanFactory.doGetBean(AbstractBeanFactory.java:323) ~[webportal-jar-with-dependencies.jar:1.0-SNAPSHOT]
	at org.springframework.beans.factory.support.AbstractBeanFactory.getBean(AbstractBeanFactory.java:199) ~[webportal-jar-with-dependencies.jar:1.0-SNAPSHOT]
	at org.springframework.beans.factory.support.DefaultListableBeanFactory.preInstantiateSingletons(DefaultListableBeanFactory.java:975) ~[webportal-jar-with-dependencies.jar:1.0-SNAPSHOT]
	at org.springframework.context.support.AbstractApplicationContext.finishBeanFactoryInitialization(AbstractApplicationContext.java:959) ~[webportal-jar-with-dependencies.jar:1.0-SNAPSHOT]
	at org.springframework.context.support.AbstractApplicationContext.refresh(AbstractApplicationContext.java:624) ~[webportal-jar-with-dependencies.jar:1.0-SNAPSHOT]
	at org.springframework.context.annotation.AnnotationConfigApplicationContext.<init>(AnnotationConfigApplicationContext.java:93) ~[webportal-jar-with-dependencies.jar:1.0-SNAPSHOT]
	at org.texttechnologylab.uce.web.App.lambda$main$2(App.java:126) ~[webportal-jar-with-dependencies.jar:1.0-SNAPSHOT]
	at org.texttechnologylab.uce.common.exceptions.ExceptionUtils.tryCatchLog(ExceptionUtils.java:18) [webportal-jar-with-dependencies.jar:1.0-SNAPSHOT]
	at org.texttechnologylab.uce.web.App.main(App.java:125) [webportal-jar-with-dependencies.jar:1.0-SNAPSHOT]
Caused by: org.springframework.beans.factory.BeanCreationException: Error creating bean with name 'databaseService' defined in org.texttechnologylab.uce.common.config.SpringConfig: Failed to instantiate [org.texttechnologylab.uce.common.services.DataInterface]: Factory method 'databaseService' threw exception with message: Unable to create requested service [org.hibernate.engine.jdbc.env.spi.JdbcEnvironment]
	at org.springframework.beans.factory.support.ConstructorResolver.instantiate(ConstructorResolver.java:651) ~[webportal-jar-with-dependencies.jar:1.0-SNAPSHOT]
	at org.springframework.beans.factory.support.ConstructorResolver.instantiateUsingFactoryMethod(ConstructorResolver.java:485) ~[webportal-jar-with-dependencies.jar:1.0-SNAPSHOT]
	at org.springframework.beans.factory.support.AbstractAutowireCapableBeanFactory.instantiateUsingFactoryMethod(AbstractAutowireCapableBeanFactory.java:1334) ~[webportal-jar-with-dependencies.jar:1.0-SNAPSHOT]
	at org.springframework.beans.factory.support.AbstractAutowireCapableBeanFactory.createBeanInstance(AbstractAutowireCapableBeanFactory.java:1164) ~[webportal-jar-with-dependencies.jar:1.0-SNAPSHOT]
	at org.springframework.beans.factory.support.AbstractAutowireCapableBeanFactory.doCreateBean(AbstractAutowireCapableBeanFactory.java:561) ~[webportal-jar-with-dependencies.jar:1.0-SNAPSHOT]
	at org.springframework.beans.factory.support.AbstractAutowireCapableBeanFactory.createBean(AbstractAutowireCapableBeanFactory.java:521) ~[webportal-jar-with-dependencies.jar:1.0-SNAPSHOT]
	at org.springframework.beans.factory.support.AbstractBeanFactory.lambda$doGetBean$0(AbstractBeanFactory.java:325) ~[webportal-jar-with-dependencies.jar:1.0-SNAPSHOT]
	at org.springframework.beans.factory.support.DefaultSingletonBeanRegistry.getSingleton(DefaultSingletonBeanRegistry.java:234) ~[webportal-jar-with-dependencies.jar:1.0-SNAPSHOT]
	at org.springframework.beans.factory.support.AbstractBeanFactory.doGetBean(AbstractBeanFactory.java:323) ~[webportal-jar-with-dependencies.jar:1.0-SNAPSHOT]
	at org.springframework.beans.factory.support.AbstractBeanFactory.getBean(AbstractBeanFactory.java:199) ~[webportal-jar-with-dependencies.jar:1.0-SNAPSHOT]
	at org.springframework.beans.factory.config.DependencyDescriptor.resolveCandidate(DependencyDescriptor.java:254) ~[webportal-jar-with-dependencies.jar:1.0-SNAPSHOT]
	at org.springframework.beans.factory.support.DefaultListableBeanFactory.doResolveDependency(DefaultListableBeanFactory.java:1443) ~[webportal-jar-with-dependencies.jar:1.0-SNAPSHOT]
	at org.springframework.beans.factory.support.DefaultListableBeanFactory.resolveDependency(DefaultListableBeanFactory.java:1353) ~[webportal-jar-with-dependencies.jar:1.0-SNAPSHOT]
	at org.springframework.beans.factory.support.ConstructorResolver.resolveAutowiredArgument(ConstructorResolver.java:907) ~[webportal-jar-with-dependencies.jar:1.0-SNAPSHOT]
	at org.springframework.beans.factory.support.ConstructorResolver.createArgumentArray(ConstructorResolver.java:785) ~[webportal-jar-with-dependencies.jar:1.0-SNAPSHOT]
	... 16 more
Caused by: org.springframework.beans.BeanInstantiationException: Failed to instantiate [org.texttechnologylab.uce.common.services.DataInterface]: Factory method 'databaseService' threw exception with message: Unable to create requested service [org.hibernate.engine.jdbc.env.spi.JdbcEnvironment]
	at org.springframework.beans.factory.support.SimpleInstantiationStrategy.instantiate(SimpleInstantiationStrategy.java:177) ~[webportal-jar-with-dependencies.jar:1.0-SNAPSHOT]
	at org.springframework.beans.factory.support.ConstructorResolver.instantiate(ConstructorResolver.java:647) ~[webportal-jar-with-dependencies.jar:1.0-SNAPSHOT]
	at org.springframework.beans.factory.support.ConstructorResolver.instantiateUsingFactoryMethod(ConstructorResolver.java:485) ~[webportal-jar-with-dependencies.jar:1.0-SNAPSHOT]
	at org.springframework.beans.factory.support.AbstractAutowireCapableBeanFactory.instantiateUsingFactoryMethod(AbstractAutowireCapableBeanFactory.java:1334) ~[webportal-jar-with-dependencies.jar:1.0-SNAPSHOT]
	at org.springframework.beans.factory.support.AbstractAutowireCapableBeanFactory.createBeanInstance(AbstractAutowireCapableBeanFactory.java:1164) ~[webportal-jar-with-dependencies.jar:1.0-SNAPSHOT]
	at org.springframework.beans.factory.support.AbstractAutowireCapableBeanFactory.doCreateBean(AbstractAutowireCapableBeanFactory.java:561) ~[webportal-jar-with-dependencies.jar:1.0-SNAPSHOT]
	at org.springframework.beans.factory.support.AbstractAutowireCapableBeanFactory.createBean(AbstractAutowireCapableBeanFactory.java:521) ~[webportal-jar-with-dependencies.jar:1.0-SNAPSHOT]
	at org.springframework.beans.factory.support.AbstractBeanFactory.lambda$doGetBean$0(AbstractBeanFactory.java:325) ~[webportal-jar-with-dependencies.jar:1.0-SNAPSHOT]
	at org.springframework.beans.factory.support.DefaultSingletonBeanRegistry.getSingleton(DefaultSingletonBeanRegistry.java:234) ~[webportal-jar-with-dependencies.jar:1.0-SNAPSHOT]
	at org.springframework.beans.factory.support.AbstractBeanFactory.doGetBean(AbstractBeanFactory.java:323) ~[webportal-jar-with-dependencies.jar:1.0-SNAPSHOT]
	at org.springframework.beans.factory.support.AbstractBeanFactory.getBean(AbstractBeanFactory.java:199) ~[webportal-jar-with-dependencies.jar:1.0-SNAPSHOT]
	at org.springframework.beans.factory.config.DependencyDescriptor.resolveCandidate(DependencyDescriptor.java:254) ~[webportal-jar-with-dependencies.jar:1.0-SNAPSHOT]
	at org.springframework.beans.factory.support.DefaultListableBeanFactory.doResolveDependency(DefaultListableBeanFactory.java:1443) ~[webportal-jar-with-dependencies.jar:1.0-SNAPSHOT]
	at org.springframework.beans.factory.support.DefaultListableBeanFactory.resolveDependency(DefaultListableBeanFactory.java:1353) ~[webportal-jar-with-dependencies.jar:1.0-SNAPSHOT]
	at org.springframework.beans.factory.support.ConstructorResolver.resolveAutowiredArgument(ConstructorResolver.java:907) ~[webportal-jar-with-dependencies.jar:1.0-SNAPSHOT]
	at org.springframework.beans.factory.support.ConstructorResolver.createArgumentArray(ConstructorResolver.java:785) ~[webportal-jar-with-dependencies.jar:1.0-SNAPSHOT]
	... 16 more
Caused by: org.hibernate.service.spi.ServiceException: Unable to create requested service [org.hibernate.engine.jdbc.env.spi.JdbcEnvironment]
	at org.hibernate.service.internal.AbstractServiceRegistryImpl.createService(AbstractServiceRegistryImpl.java:284) ~[webportal-jar-with-dependencies.jar:1.0-SNAPSHOT]
	at org.hibernate.service.internal.AbstractServiceRegistryImpl.initializeService(AbstractServiceRegistryImpl.java:246) ~[webportal-jar-with-dependencies.jar:1.0-SNAPSHOT]
	at org.hibernate.service.internal.AbstractServiceRegistryImpl.getService(AbstractServiceRegistryImpl.java:223) ~[webportal-jar-with-dependencies.jar:1.0-SNAPSHOT]
	at org.hibernate.id.factory.internal.DefaultIdentifierGeneratorFactory.injectServices(DefaultIdentifierGeneratorFactory.java:175) ~[webportal-jar-with-dependencies.jar:1.0-SNAPSHOT]
	at org.hibernate.service.internal.AbstractServiceRegistryImpl.injectDependencies(AbstractServiceRegistryImpl.java:295) ~[webportal-jar-with-dependencies.jar:1.0-SNAPSHOT]
	at org.hibernate.service.internal.AbstractServiceRegistryImpl.initializeService(AbstractServiceRegistryImpl.java:252) ~[webportal-jar-with-dependencies.jar:1.0-SNAPSHOT]
	at org.hibernate.service.internal.AbstractServiceRegistryImpl.getService(AbstractServiceRegistryImpl.java:223) ~[webportal-jar-with-dependencies.jar:1.0-SNAPSHOT]
	at org.hibernate.boot.internal.InFlightMetadataCollectorImpl.<init>(InFlightMetadataCollectorImpl.java:173) ~[webportal-jar-with-dependencies.jar:1.0-SNAPSHOT]
	at org.hibernate.boot.model.process.spi.MetadataBuildingProcess.complete(MetadataBuildingProcess.java:127) ~[webportal-jar-with-dependencies.jar:1.0-SNAPSHOT]
	at org.hibernate.boot.model.process.spi.MetadataBuildingProcess.build(MetadataBuildingProcess.java:86) ~[webportal-jar-with-dependencies.jar:1.0-SNAPSHOT]
	at org.hibernate.boot.internal.MetadataBuilderImpl.build(MetadataBuilderImpl.java:479) ~[webportal-jar-with-dependencies.jar:1.0-SNAPSHOT]
	at org.hibernate.boot.internal.MetadataBuilderImpl.build(MetadataBuilderImpl.java:85) ~[webportal-jar-with-dependencies.jar:1.0-SNAPSHOT]
	at org.hibernate.boot.MetadataSources.buildMetadata(MetadataSources.java:202) ~[webportal-jar-with-dependencies.jar:1.0-SNAPSHOT]
	at org.texttechnologylab.uce.common.config.HibernateConf.buildSessionFactory(HibernateConf.java:93) ~[webportal-jar-with-dependencies.jar:1.0-SNAPSHOT]
	at org.texttechnologylab.uce.common.services.PostgresqlDataInterface_Impl.<init>(PostgresqlDataInterface_Impl.java:81) ~[webportal-jar-with-dependencies.jar:1.0-SNAPSHOT]
	at org.texttechnologylab.uce.common.config.SpringConfig.databaseService(SpringConfig.java:16) ~[webportal-jar-with-dependencies.jar:1.0-SNAPSHOT]
	at org.texttechnologylab.uce.common.config.SpringConfig$$SpringCGLIB$$0.CGLIB$databaseService$4(<generated>) ~[webportal-jar-with-dependencies.jar:1.0-SNAPSHOT]
	at org.texttechnologylab.uce.common.config.SpringConfig$$SpringCGLIB$$FastClass$$1.invoke(<generated>) ~[webportal-jar-with-dependencies.jar:1.0-SNAPSHOT]
	at org.springframework.cglib.proxy.MethodProxy.invokeSuper(MethodProxy.java:258) ~[webportal-jar-with-dependencies.jar:1.0-SNAPSHOT]
	at org.springframework.context.annotation.ConfigurationClassEnhancer$BeanMethodInterceptor.intercept(ConfigurationClassEnhancer.java:331) ~[webportal-jar-with-dependencies.jar:1.0-SNAPSHOT]
	at org.texttechnologylab.uce.common.config.SpringConfig$$SpringCGLIB$$0.databaseService(<generated>) ~[webportal-jar-with-dependencies.jar:1.0-SNAPSHOT]
	at java.base/jdk.internal.reflect.DirectMethodHandleAccessor.invoke(DirectMethodHandleAccessor.java:103) ~[?:?]
	at java.base/java.lang.reflect.Method.invoke(Method.java:580) ~[?:?]
	at org.springframework.beans.factory.support.SimpleInstantiationStrategy.instantiate(SimpleInstantiationStrategy.java:140) ~[webportal-jar-with-dependencies.jar:1.0-SNAPSHOT]
	at org.springframework.beans.factory.support.ConstructorResolver.instantiate(ConstructorResolver.java:647) ~[webportal-jar-with-dependencies.jar:1.0-SNAPSHOT]
	at org.springframework.beans.factory.support.ConstructorResolver.instantiateUsingFactoryMethod(ConstructorResolver.java:485) ~[webportal-jar-with-dependencies.jar:1.0-SNAPSHOT]
	at org.springframework.beans.factory.support.AbstractAutowireCapableBeanFactory.instantiateUsingFactoryMethod(AbstractAutowireCapableBeanFactory.java:1334) ~[webportal-jar-with-dependencies.jar:1.0-SNAPSHOT]
	at org.springframework.beans.factory.support.AbstractAutowireCapableBeanFactory.createBeanInstance(AbstractAutowireCapableBeanFactory.java:1164) ~[webportal-jar-with-dependencies.jar:1.0-SNAPSHOT]
	at org.springframework.beans.factory.support.AbstractAutowireCapableBeanFactory.doCreateBean(AbstractAutowireCapableBeanFactory.java:561) ~[webportal-jar-with-dependencies.jar:1.0-SNAPSHOT]
	at org.springframework.beans.factory.support.AbstractAutowireCapableBeanFactory.createBean(AbstractAutowireCapableBeanFactory.java:521) ~[webportal-jar-with-dependencies.jar:1.0-SNAPSHOT]
	at org.springframework.beans.factory.support.AbstractBeanFactory.lambda$doGetBean$0(AbstractBeanFactory.java:325) ~[webportal-jar-with-dependencies.jar:1.0-SNAPSHOT]
	at org.springframework.beans.factory.support.DefaultSingletonBeanRegistry.getSingleton(DefaultSingletonBeanRegistry.java:234) ~[webportal-jar-with-dependencies.jar:1.0-SNAPSHOT]
	at org.springframework.beans.factory.support.AbstractBeanFactory.doGetBean(AbstractBeanFactory.java:323) ~[webportal-jar-with-dependencies.jar:1.0-SNAPSHOT]
	at org.springframework.beans.factory.support.AbstractBeanFactory.getBean(AbstractBeanFactory.java:199) ~[webportal-jar-with-dependencies.jar:1.0-SNAPSHOT]
	at org.springframework.beans.factory.config.DependencyDescriptor.resolveCandidate(DependencyDescriptor.java:254) ~[webportal-jar-with-dependencies.jar:1.0-SNAPSHOT]
	at org.springframework.beans.factory.support.DefaultListableBeanFactory.doResolveDependency(DefaultListableBeanFactory.java:1443) ~[webportal-jar-with-dependencies.jar:1.0-SNAPSHOT]
	at org.springframework.beans.factory.support.DefaultListableBeanFactory.resolveDependency(DefaultListableBeanFactory.java:1353) ~[webportal-jar-with-dependencies.jar:1.0-SNAPSHOT]
	at org.springframework.beans.factory.support.ConstructorResolver.resolveAutowiredArgument(ConstructorResolver.java:907) ~[webportal-jar-with-dependencies.jar:1.0-SNAPSHOT]
	at org.springframework.beans.factory.support.ConstructorResolver.createArgumentArray(ConstructorResolver.java:785) ~[webportal-jar-with-dependencies.jar:1.0-SNAPSHOT]
	... 16 more
Caused by: org.hibernate.HibernateException: java.lang.IllegalArgumentException: jdbcUrl is required with driverClassName.
	at com.zaxxer.hikari.hibernate.HikariConnectionProvider.configure(HikariConnectionProvider.java:91) ~[webportal-jar-with-dependencies.jar:1.0-SNAPSHOT]
	at org.hibernate.boot.registry.internal.StandardServiceRegistryImpl.configureService(StandardServiceRegistryImpl.java:107) ~[webportal-jar-with-dependencies.jar:1.0-SNAPSHOT]
	at org.hibernate.service.internal.AbstractServiceRegistryImpl.initializeService(AbstractServiceRegistryImpl.java:255) ~[webportal-jar-with-dependencies.jar:1.0-SNAPSHOT]
	at org.hibernate.service.internal.AbstractServiceRegistryImpl.getService(AbstractServiceRegistryImpl.java:223) ~[webportal-jar-with-dependencies.jar:1.0-SNAPSHOT]
	at org.hibernate.engine.jdbc.env.internal.JdbcEnvironmentInitiator.buildJdbcConnectionAccess(JdbcEnvironmentInitiator.java:146) ~[webportal-jar-with-dependencies.jar:1.0-SNAPSHOT]
	at org.hibernate.engine.jdbc.env.internal.JdbcEnvironmentInitiator.initiateService(JdbcEnvironmentInitiator.java:66) ~[webportal-jar-with-dependencies.jar:1.0-SNAPSHOT]
	at org.hibernate.engine.jdbc.env.internal.JdbcEnvironmentInitiator.initiateService(JdbcEnvironmentInitiator.java:35) ~[webportal-jar-with-dependencies.jar:1.0-SNAPSHOT]
	at org.hibernate.boot.registry.internal.StandardServiceRegistryImpl.initiateService(StandardServiceRegistryImpl.java:101) ~[webportal-jar-with-dependencies.jar:1.0-SNAPSHOT]
	at org.hibernate.service.internal.AbstractServiceRegistryImpl.createService(AbstractServiceRegistryImpl.java:272) ~[webportal-jar-with-dependencies.jar:1.0-SNAPSHOT]
	at org.hibernate.service.internal.AbstractServiceRegistryImpl.initializeService(AbstractServiceRegistryImpl.java:246) ~[webportal-jar-with-dependencies.jar:1.0-SNAPSHOT]
	at org.hibernate.service.internal.AbstractServiceRegistryImpl.getService(AbstractServiceRegistryImpl.java:223) ~[webportal-jar-with-dependencies.jar:1.0-SNAPSHOT]
	at org.hibernate.id.factory.internal.DefaultIdentifierGeneratorFactory.injectServices(DefaultIdentifierGeneratorFactory.java:175) ~[webportal-jar-with-dependencies.jar:1.0-SNAPSHOT]
	at org.hibernate.service.internal.AbstractServiceRegistryImpl.injectDependencies(AbstractServiceRegistryImpl.java:295) ~[webportal-jar-with-dependencies.jar:1.0-SNAPSHOT]
	at org.hibernate.service.internal.AbstractServiceRegistryImpl.initializeService(AbstractServiceRegistryImpl.java:252) ~[webportal-jar-with-dependencies.jar:1.0-SNAPSHOT]
	at org.hibernate.service.internal.AbstractServiceRegistryImpl.getService(AbstractServiceRegistryImpl.java:223) ~[webportal-jar-with-dependencies.jar:1.0-SNAPSHOT]
	at org.hibernate.boot.internal.InFlightMetadataCollectorImpl.<init>(InFlightMetadataCollectorImpl.java:173) ~[webportal-jar-with-dependencies.jar:1.0-SNAPSHOT]
	at org.hibernate.boot.model.process.spi.MetadataBuildingProcess.complete(MetadataBuildingProcess.java:127) ~[webportal-jar-with-dependencies.jar:1.0-SNAPSHOT]
	at org.hibernate.boot.model.process.spi.MetadataBuildingProcess.build(MetadataBuildingProcess.java:86) ~[webportal-jar-with-dependencies.jar:1.0-SNAPSHOT]
	at org.hibernate.boot.internal.MetadataBuilderImpl.build(MetadataBuilderImpl.java:479) ~[webportal-jar-with-dependencies.jar:1.0-SNAPSHOT]
	at org.hibernate.boot.internal.MetadataBuilderImpl.build(MetadataBuilderImpl.java:85) ~[webportal-jar-with-dependencies.jar:1.0-SNAPSHOT]
	at org.hibernate.boot.MetadataSources.buildMetadata(MetadataSources.java:202) ~[webportal-jar-with-dependencies.jar:1.0-SNAPSHOT]
	at org.texttechnologylab.uce.common.config.HibernateConf.buildSessionFactory(HibernateConf.java:93) ~[webportal-jar-with-dependencies.jar:1.0-SNAPSHOT]
	at org.texttechnologylab.uce.common.services.PostgresqlDataInterface_Impl.<init>(PostgresqlDataInterface_Impl.java:81) ~[webportal-jar-with-dependencies.jar:1.0-SNAPSHOT]
	at org.texttechnologylab.uce.common.config.SpringConfig.databaseService(SpringConfig.java:16) ~[webportal-jar-with-dependencies.jar:1.0-SNAPSHOT]
	at org.texttechnologylab.uce.common.config.SpringConfig$$SpringCGLIB$$0.CGLIB$databaseService$4(<generated>) ~[webportal-jar-with-dependencies.jar:1.0-SNAPSHOT]
	at org.texttechnologylab.uce.common.config.SpringConfig$$SpringCGLIB$$FastClass$$1.invoke(<generated>) ~[webportal-jar-with-dependencies.jar:1.0-SNAPSHOT]
	at org.springframework.cglib.proxy.MethodProxy.invokeSuper(MethodProxy.java:258) ~[webportal-jar-with-dependencies.jar:1.0-SNAPSHOT]
	at org.springframework.context.annotation.ConfigurationClassEnhancer$BeanMethodInterceptor.intercept(ConfigurationClassEnhancer.java:331) ~[webportal-jar-with-dependencies.jar:1.0-SNAPSHOT]
	at org.texttechnologylab.uce.common.config.SpringConfig$$SpringCGLIB$$0.databaseService(<generated>) ~[webportal-jar-with-dependencies.jar:1.0-SNAPSHOT]
	at java.base/jdk.internal.reflect.DirectMethodHandleAccessor.invoke(DirectMethodHandleAccessor.java:103) ~[?:?]
	at java.base/java.lang.reflect.Method.invoke(Method.java:580) ~[?:?]
	at org.springframework.beans.factory.support.SimpleInstantiationStrategy.instantiate(SimpleInstantiationStrategy.java:140) ~[webportal-jar-with-dependencies.jar:1.0-SNAPSHOT]
	at org.springframework.beans.factory.support.ConstructorResolver.instantiate(ConstructorResolver.java:647) ~[webportal-jar-with-dependencies.jar:1.0-SNAPSHOT]
	at org.springframework.beans.factory.support.ConstructorResolver.instantiateUsingFactoryMethod(ConstructorResolver.java:485) ~[webportal-jar-with-dependencies.jar:1.0-SNAPSHOT]
	at org.springframework.beans.factory.support.AbstractAutowireCapableBeanFactory.instantiateUsingFactoryMethod(AbstractAutowireCapableBeanFactory.java:1334) ~[webportal-jar-with-dependencies.jar:1.0-SNAPSHOT]
	at org.springframework.beans.factory.support.AbstractAutowireCapableBeanFactory.createBeanInstance(AbstractAutowireCapableBeanFactory.java:1164) ~[webportal-jar-with-dependencies.jar:1.0-SNAPSHOT]
	at org.springframework.beans.factory.support.AbstractAutowireCapableBeanFactory.doCreateBean(AbstractAutowireCapableBeanFactory.java:561) ~[webportal-jar-with-dependencies.jar:1.0-SNAPSHOT]
	at org.springframework.beans.factory.support.AbstractAutowireCapableBeanFactory.createBean(AbstractAutowireCapableBeanFactory.java:521) ~[webportal-jar-with-dependencies.jar:1.0-SNAPSHOT]
	at org.springframework.beans.factory.support.AbstractBeanFactory.lambda$doGetBean$0(AbstractBeanFactory.java:325) ~[webportal-jar-with-dependencies.jar:1.0-SNAPSHOT]
	at org.springframework.beans.factory.support.DefaultSingletonBeanRegistry.getSingleton(DefaultSingletonBeanRegistry.java:234) ~[webportal-jar-with-dependencies.jar:1.0-SNAPSHOT]
	at org.springframework.beans.factory.support.AbstractBeanFactory.doGetBean(AbstractBeanFactory.java:323) ~[webportal-jar-with-dependencies.jar:1.0-SNAPSHOT]
	at org.springframework.beans.factory.support.AbstractBeanFactory.getBean(AbstractBeanFactory.java:199) ~[webportal-jar-with-dependencies.jar:1.0-SNAPSHOT]
	at org.springframework.beans.factory.config.DependencyDescriptor.resolveCandidate(DependencyDescriptor.java:254) ~[webportal-jar-with-dependencies.jar:1.0-SNAPSHOT]
	at org.springframework.beans.factory.support.DefaultListableBeanFactory.doResolveDependency(DefaultListableBeanFactory.java:1443) ~[webportal-jar-with-dependencies.jar:1.0-SNAPSHOT]
	at org.springframework.beans.factory.support.DefaultListableBeanFactory.resolveDependency(DefaultListableBeanFactory.java:1353) ~[webportal-jar-with-dependencies.jar:1.0-SNAPSHOT]
	at org.springframework.beans.factory.support.ConstructorResolver.resolveAutowiredArgument(ConstructorResolver.java:907) ~[webportal-jar-with-dependencies.jar:1.0-SNAPSHOT]
	at org.springframework.beans.factory.support.ConstructorResolver.createArgumentArray(ConstructorResolver.java:785) ~[webportal-jar-with-dependencies.jar:1.0-SNAPSHOT]
	... 16 more
Caused by: java.lang.IllegalArgumentException: jdbcUrl is required with driverClassName.
	at com.zaxxer.hikari.HikariConfig.validate(HikariConfig.java:1022) ~[webportal-jar-with-dependencies.jar:1.0-SNAPSHOT]
	at com.zaxxer.hikari.HikariDataSource.<init>(HikariDataSource.java:77) ~[webportal-jar-with-dependencies.jar:1.0-SNAPSHOT]
	at com.zaxxer.hikari.hibernate.HikariConnectionProvider.configure(HikariConnectionProvider.java:87) ~[webportal-jar-with-dependencies.jar:1.0-SNAPSHOT]
	at org.hibernate.boot.registry.internal.StandardServiceRegistryImpl.configureService(StandardServiceRegistryImpl.java:107) ~[webportal-jar-with-dependencies.jar:1.0-SNAPSHOT]
	at org.hibernate.service.internal.AbstractServiceRegistryImpl.initializeService(AbstractServiceRegistryImpl.java:255) ~[webportal-jar-with-dependencies.jar:1.0-SNAPSHOT]
	at org.hibernate.service.internal.AbstractServiceRegistryImpl.getService(AbstractServiceRegistryImpl.java:223) ~[webportal-jar-with-dependencies.jar:1.0-SNAPSHOT]
	at org.hibernate.engine.jdbc.env.internal.JdbcEnvironmentInitiator.buildJdbcConnectionAccess(JdbcEnvironmentInitiator.java:146) ~[webportal-jar-with-dependencies.jar:1.0-SNAPSHOT]
	at org.hibernate.engine.jdbc.env.internal.JdbcEnvironmentInitiator.initiateService(JdbcEnvironmentInitiator.java:66) ~[webportal-jar-with-dependencies.jar:1.0-SNAPSHOT]
	at org.hibernate.engine.jdbc.env.internal.JdbcEnvironmentInitiator.initiateService(JdbcEnvironmentInitiator.java:35) ~[webportal-jar-with-dependencies.jar:1.0-SNAPSHOT]
	at org.hibernate.boot.registry.internal.StandardServiceRegistryImpl.initiateService(StandardServiceRegistryImpl.java:101) ~[webportal-jar-with-dependencies.jar:1.0-SNAPSHOT]
	at org.hibernate.service.internal.AbstractServiceRegistryImpl.createService(AbstractServiceRegistryImpl.java:272) ~[webportal-jar-with-dependencies.jar:1.0-SNAPSHOT]
	at org.hibernate.service.internal.AbstractServiceRegistryImpl.initializeService(AbstractServiceRegistryImpl.java:246) ~[webportal-jar-with-dependencies.jar:1.0-SNAPSHOT]
	at org.hibernate.service.internal.AbstractServiceRegistryImpl.getService(AbstractServiceRegistryImpl.java:223) ~[webportal-jar-with-dependencies.jar:1.0-SNAPSHOT]
	at org.hibernate.id.factory.internal.DefaultIdentifierGeneratorFactory.injectServices(DefaultIdentifierGeneratorFactory.java:175) ~[webportal-jar-with-dependencies.jar:1.0-SNAPSHOT]
	at org.hibernate.service.internal.AbstractServiceRegistryImpl.injectDependencies(AbstractServiceRegistryImpl.java:295) ~[webportal-jar-with-dependencies.jar:1.0-SNAPSHOT]
	at org.hibernate.service.internal.AbstractServiceRegistryImpl.initializeService(AbstractServiceRegistryImpl.java:252) ~[webportal-jar-with-dependencies.jar:1.0-SNAPSHOT]
	at org.hibernate.service.internal.AbstractServiceRegistryImpl.getService(AbstractServiceRegistryImpl.java:223) ~[webportal-jar-with-dependencies.jar:1.0-SNAPSHOT]
	at org.hibernate.boot.internal.InFlightMetadataCollectorImpl.<init>(InFlightMetadataCollectorImpl.java:173) ~[webportal-jar-with-dependencies.jar:1.0-SNAPSHOT]
	at org.hibernate.boot.model.process.spi.MetadataBuildingProcess.complete(MetadataBuildingProcess.java:127) ~[webportal-jar-with-dependencies.jar:1.0-SNAPSHOT]
	at org.hibernate.boot.model.process.spi.MetadataBuildingProcess.build(MetadataBuildingProcess.java:86) ~[webportal-jar-with-dependencies.jar:1.0-SNAPSHOT]
	at org.hibernate.boot.internal.MetadataBuilderImpl.build(MetadataBuilderImpl.java:479) ~[webportal-jar-with-dependencies.jar:1.0-SNAPSHOT]
	at org.hibernate.boot.internal.MetadataBuilderImpl.build(MetadataBuilderImpl.java:85) ~[webportal-jar-with-dependencies.jar:1.0-SNAPSHOT]
	at org.hibernate.boot.MetadataSources.buildMetadata(MetadataSources.java:202) ~[webportal-jar-with-dependencies.jar:1.0-SNAPSHOT]
	at org.texttechnologylab.uce.common.config.HibernateConf.buildSessionFactory(HibernateConf.java:93) ~[webportal-jar-with-dependencies.jar:1.0-SNAPSHOT]
	at org.texttechnologylab.uce.common.services.PostgresqlDataInterface_Impl.<init>(PostgresqlDataInterface_Impl.java:81) ~[webportal-jar-with-dependencies.jar:1.0-SNAPSHOT]
	at org.texttechnologylab.uce.common.config.SpringConfig.databaseService(SpringConfig.java:16) ~[webportal-jar-with-dependencies.jar:1.0-SNAPSHOT]
	at org.texttechnologylab.uce.common.config.SpringConfig$$SpringCGLIB$$0.CGLIB$databaseService$4(<generated>) ~[webportal-jar-with-dependencies.jar:1.0-SNAPSHOT]
	at org.texttechnologylab.uce.common.config.SpringConfig$$SpringCGLIB$$FastClass$$1.invoke(<generated>) ~[webportal-jar-with-dependencies.jar:1.0-SNAPSHOT]
	at org.springframework.cglib.proxy.MethodProxy.invokeSuper(MethodProxy.java:258) ~[webportal-jar-with-dependencies.jar:1.0-SNAPSHOT]
	at org.springframework.context.annotation.ConfigurationClassEnhancer$BeanMethodInterceptor.intercept(ConfigurationClassEnhancer.java:331) ~[webportal-jar-with-dependencies.jar:1.0-SNAPSHOT]
	at org.texttechnologylab.uce.common.config.SpringConfig$$SpringCGLIB$$0.databaseService(<generated>) ~[webportal-jar-with-dependencies.jar:1.0-SNAPSHOT]
	at java.base/jdk.internal.reflect.DirectMethodHandleAccessor.invoke(DirectMethodHandleAccessor.java:103) ~[?:?]
	at java.base/java.lang.reflect.Method.invoke(Method.java:580) ~[?:?]
	at org.springframework.beans.factory.support.SimpleInstantiationStrategy.instantiate(SimpleInstantiationStrategy.java:140) ~[webportal-jar-with-dependencies.jar:1.0-SNAPSHOT]
	at org.springframework.beans.factory.support.ConstructorResolver.instantiate(ConstructorResolver.java:647) ~[webportal-jar-with-dependencies.jar:1.0-SNAPSHOT]
	at org.springframework.beans.factory.support.ConstructorResolver.instantiateUsingFactoryMethod(ConstructorResolver.java:485) ~[webportal-jar-with-dependencies.jar:1.0-SNAPSHOT]
	at org.springframework.beans.factory.support.AbstractAutowireCapableBeanFactory.instantiateUsingFactoryMethod(AbstractAutowireCapableBeanFactory.java:1334) ~[webportal-jar-with-dependencies.jar:1.0-SNAPSHOT]
	at org.springframework.beans.factory.support.AbstractAutowireCapableBeanFactory.createBeanInstance(AbstractAutowireCapableBeanFactory.java:1164) ~[webportal-jar-with-dependencies.jar:1.0-SNAPSHOT]
	at org.springframework.beans.factory.support.AbstractAutowireCapableBeanFactory.doCreateBean(AbstractAutowireCapableBeanFactory.java:561) ~[webportal-jar-with-dependencies.jar:1.0-SNAPSHOT]
	at org.springframework.beans.factory.support.AbstractAutowireCapableBeanFactory.createBean(AbstractAutowireCapableBeanFactory.java:521) ~[webportal-jar-with-dependencies.jar:1.0-SNAPSHOT]
	at org.springframework.beans.factory.support.AbstractBeanFactory.lambda$doGetBean$0(AbstractBeanFactory.java:325) ~[webportal-jar-with-dependencies.jar:1.0-SNAPSHOT]
	at org.springframework.beans.factory.support.DefaultSingletonBeanRegistry.getSingleton(DefaultSingletonBeanRegistry.java:234) ~[webportal-jar-with-dependencies.jar:1.0-SNAPSHOT]
	at org.springframework.beans.factory.support.AbstractBeanFactory.doGetBean(AbstractBeanFactory.java:323) ~[webportal-jar-with-dependencies.jar:1.0-SNAPSHOT]
	at org.springframework.beans.factory.support.AbstractBeanFactory.getBean(AbstractBeanFactory.java:199) ~[webportal-jar-with-dependencies.jar:1.0-SNAPSHOT]
	at org.springframework.beans.factory.config.DependencyDescriptor.resolveCandidate(DependencyDescriptor.java:254) ~[webportal-jar-with-dependencies.jar:1.0-SNAPSHOT]
	at org.springframework.beans.factory.support.DefaultListableBeanFactory.doResolveDependency(DefaultListableBeanFactory.java:1443) ~[webportal-jar-with-dependencies.jar:1.0-SNAPSHOT]
	at org.springframework.beans.factory.support.DefaultListableBeanFactory.resolveDependency(DefaultListableBeanFactory.java:1353) ~[webportal-jar-with-dependencies.jar:1.0-SNAPSHOT]
	at org.springframework.beans.factory.support.ConstructorResolver.resolveAutowiredArgument(ConstructorResolver.java:907) ~[webportal-jar-with-dependencies.jar:1.0-SNAPSHOT]
	at org.springframework.beans.factory.support.ConstructorResolver.createArgumentArray(ConstructorResolver.java:785) ~[webportal-jar-with-dependencies.jar:1.0-SNAPSHOT]
	... 16 more
